код,закупка,валюта,группа,подгруппа,наименование,описание,наличие,?
2574403,10750.0,RUR,Интерактивные доски,Аксессуары для интерактивных досок,Интерактивные доски Аксессуары для интерактивных досок Универсальная мобильная стойка для интерактивной доски UMS-1,"Универсальная мобильная стойка для интерактивной доски UMS-1 Мобильная стойка для интерактивных досок  60"" - 95""  толщиной не более 5 см! Без крепления для проектора.   Каучуковые колеса в комплекте . Цвет: графит . Упаковка: 2- места  Общий вес 40кг",*** /рез.:*,?
2574003,18200.0,RUR,Интерактивные доски,Аксессуары для интерактивных досок,Интерактивные доски Аксессуары для интерактивных досок Универсальная мобильная стойка для интерактивной доски UMS-2,"Универсальная мобильная стойка для интерактивной доски UMS-2 Мобильная стойка для интерактивных досок 60""-95"" толщиной не более 50 мм!С телескопическим креплением для проектора.Регулировка проекционного расстояния:900-1400 мм.Колеса в комплекте.Упаковка: 3- места,Общий вес 60 кг.",** /рез.:*,?
2578612,106062.0,RUR,Проекторы,HITACHI,Проекторы HITACHI Hitachi CP-AW2505 (УКФ),"Hitachi CP-AW2505 (УКФ) Ультракороткофокусный, LCD, WXGA, 1280x800, 2700 Lm, 10000:1, лампа 5000/8000/10000 часов, TR 0.3, VGA x2, HDMI x2, композитный, аудио mini jack, аудио RCA, USB (A) x2, USB (B), RS232, RJ45, 36/32 дБ, 4.3 кг, 377x136x360 мм, Wi-fi (опция)",****,?
2578520,119196.0,RUR,Проекторы,HITACHI,Проекторы HITACHI Hitachi CP-AW3005 (УКФ),"Hitachi CP-AW3005 (УКФ) Ультракороткофокусный, LCD, WXGA, 1280x800, 3300 Lm, 10000:1, лампа 4000/5000/6000 часов, TR 0.3, VGA x2, HDMI x2, композитный, аудио mini jack, аудио RCA, USB (A) x2, USB (B), RS232, RJ45, 36/32 дБ, 4.3 кг, 377x136x360 мм, Wi-fi (опция)",*** /рез.:****,?
2578521,152471.0,RUR,Проекторы,HITACHI,Проекторы HITACHI Hitachi CP-AW3506 (УКФ),"Hitachi CP-AW3506 (УКФ) Ультракороткофокусный, LCD, WXGA, 1280x800, 3700 Lm, 16000:1, лампа 4000/5000/6000 часов, TR 0.3, VGA x2, HDMI x2, композитный, аудио mini jack, аудио RCA, USB (A) x2, USB (B), RS232, RJ45, 37/32 дБ, 4.3 кг, 382x141x362 мм, Wi-fi (опция)",****,?
2578611,105468.0,RUR,Проекторы,HITACHI,Проекторы HITACHI Hitachi CP-AX2505 (УКФ),"Hitachi CP-AX2505 (УКФ) Ультракороткофокусный, LCD, XGA, 1024x768, 2700 Lm, 10000:1, лампа 5000/7000/10000 часов, TR 0.3, VGA x2, HDMI x2, композитный, аудио mini jack, аудио RCA, USB (A) x2, USB (B), RS232, RJ45, 36/32 дБ, 4.3 кг, 377x136x360 мм, Wi-fi (опция)",* /рез.:*,?
2578815,127729.0,RUR,Проекторы,HITACHI,Проекторы HITACHI Hitachi CP-AX3505 (УКФ),"Hitachi CP-AX3505 (УКФ) Ультракороткофокусный, LCD, XGA, 1024x768, 3600 Lm, 10000:1, лампа 4000/5000/6000 часов, TR 0.3, VGA x2, HDMI x2, композитный, аудио mini jack, аудио RCA, USB (A) x2, USB (B), RS232, RJ45, 36/32 дБ, 4.3 кг, 377x136x360 мм, Wi-fi (опция)",**** /рез.:*,?
2578614,69289.0,RUR,Проекторы,HITACHI,Проекторы HITACHI Hitachi CP-CW251WN (КФ),"Hitachi CP-CW251WN (КФ) Короткофокусный, LCD, WXGA, 1280x800, 2600 Lm, 10000:1, лампа 5000/8000/10000 часов, TR 0.6, VGA x2, HDMI x2, S-Video, композитный, компонентный, аудио mini jack, аудио RCA, USB (A) x2, USB (B), RS232, RJ45, 37/33 дБ, 3.6 кг, 345x85x303 мм, Wi-fi (опция)",***,?
2578517,80718.0,RUR,Проекторы,HITACHI,Проекторы HITACHI Hitachi CP-CW301WN (КФ),"Hitachi CP-CW301WN (КФ) Короткофокусный, LCD, WXGA, 1280x800, 3100 Lm, 10000:1, лампа 5000/8000/10000 часов, TR 0.6, VGA x2, HDMI x2, S-Video, композитный, компонентный, аудио mini jack, аудио RCA, USB (A) x2, USB (B), RS232, RJ45, 37/33 дБ, 3.6 кг, 345x85x303 мм, Wi-fi (опция)",**,?
2578613,59800.0,RUR,Проекторы,HITACHI,Проекторы HITACHI Hitachi CP-CX251N (КФ),"Hitachi CP-CX251N (КФ) Короткофокусный, LCD, XGA, 1024x768, 2500 Lm, 2000:1, лампа 5000/8000/10000 часов, TR 0.6, VGA x2, HDMI, S-Video, композитный, компонентный, аудио RCA, USB (B), RS232, RJ45, 36/32 дБ, 3.4 кг, 345x85x303 мм",,?
2578516,66696.0,RUR,Проекторы,HITACHI,Проекторы HITACHI Hitachi CP-CX301WN (КФ),"Hitachi CP-CX301WN (КФ) Короткофокусный, LCD, XGA, 1024x768, 3100 Lm, 10000:1, лампа 5000/8000/10000 часов, TR 0.6, VGA x2, HDMI x2, S-Video, композитный, компонентный, аудио mini jack, аудио RCA, USB (A) x2, USB (B), RS232, RJ45, 36/33 дБ, 3.6 кг, 345x85x303 мм, Wi-fi (опция)",**** /рез.:**,?
2578515,148698.0,RUR,Проекторы,HITACHI,Проекторы HITACHI Hitachi CP-EU4501WN,"Hitachi CP-EU4501WN LCD, WUXGA, 1920x1200, 4500 Lm, 16000:1, лампа 4500/6000 часов, TR 1.3-2.1, VGA x2, HDMI x2, композитный, компонентный, аудио mini jack, аудио RCA, USB (A) x2, USB (B), RS232, RJ45, MHL, 35/27 дБ, 5.3 кг, 413x123x315 мм, Wi-fi (опция)",*** /рез.:*,?
2578850,155520.0,RUR,Проекторы,HITACHI,Проекторы HITACHI Hitachi CP-EU5001WN,"Hitachi CP-EU5001WN LCD, WUXGA, 1920x1200, 5000 Lm, 16000:1, лампа 4500/6000 часов, TR 1.3-2.1, VGA x2, HDMI x2, композитный, компонентный, аудио mini jack, аудио RCA, USB (A) x2, USB (B), RS232, RJ45, MHL, 35/27 дБ, 5.3 кг, 413x123x315 мм, Wi-fi (опция)",,?
2578506,43500.0,RUR,Проекторы,HITACHI,Проекторы HITACHI Hitachi CP-EW302N,"Hitachi CP-EW302N LCD, WXGA, 1280x800, 3000 Lm, 2000:1, лампа 5000/10000 часов, TR 1.5-1.8, VGA x2, HDMI, композитный, аудио mini jack, аудио RCA, USB (B), RS232, RJ45, 37/32 дБ, 3 кг, 320x85x245 мм",,?
2578514,138270.0,RUR,Проекторы,HITACHI,Проекторы HITACHI Hitachi CP-EW5001WN,"Hitachi CP-EW5001WN LCD, WXGA, 1280x800, 5000 Lm, 16000:1, лампа 4500/6000 часов, TR 1.4-2.3, VGA x2, HDMI x2, композитный, компонентный, аудио mini jack, аудио RCA, USB (A) x2, USB (B), RS232, RJ45, MHL, 35/27 дБ, 5.3 кг, 413x123x315 мм, Wi-fi (опция)",****,?
2578510,49000.0,RUR,Проекторы,HITACHI,Проекторы HITACHI Hitachi CP-EX402,"Hitachi CP-EX402 LCD, XGA, 1024x768, 4200 Lm, 2000:1, лампа 5000/8000/10000 часов, TR 1.5-1.8, VGA x2, HDMI, композитный, компонентный, аудио RCA, RS232, 37/32 дБ, 2.9 кг, 320x85x245 мм",* /рез.:***,?
2578513,114708.0,RUR,Проекторы,HITACHI,Проекторы HITACHI Hitachi CP-EX5001WN,"Hitachi CP-EX5001WN LCD, XGA, 1024x768, 5200 Lm, 16000:1, лампа 4500/6000 часов, TR 1.4-2.3, VGA x2, HDMI x2, композитный, компонентный, аудио mini jack, аудио RCA, USB (A) x2, USB (B), RS232, RJ45, MHL, 35/27 дБ, 5.3 кг, 413x123x315 мм, Wi-fi (опция)",****,?
2578646,879000.0,RUR,Проекторы,HITACHI,Проекторы HITACHI Hitachi CP-HD9320,"Hitachi CP-HD9320 Проектор Hitachi CP-HD9320 (без объектива), 1-chip DLP, Full HD, 1920х1080, 8 200 Lm, контрастность 2500:1, портретный режим, HDBaseT, HDMI x2, вес 16.6 кг",,?
2578647,951000.0,RUR,Проекторы,HITACHI,Проекторы HITACHI Hitachi CP-HD9320-SD,"Hitachi CP-HD9320-SD Проектор Hitachi CP-HD9320 (со стандартным объективом), 1-chip DLP, Full HD, 1920х1080, 8 200 Lm, контрастность 2500:1, портретный режим, HDBaseT, HDMI x2, вес 16.6 кг",,?
2578648,1052000.0,RUR,Проекторы,HITACHI,Проекторы HITACHI Hitachi CP-HD9950,"Hitachi CP-HD9950 Проектор Hitachi CP-HD9950 (без объектива), 1-chip DLP, Full HD, 1020х1080, 9 500 Lm, контрастность 2500:1, портретный режим, HDBaseT, HDMI x2, SDI, DVI-D, вес 17.9 кг",,?
2578649,1124800.0,RUR,Проекторы,HITACHI,Проекторы HITACHI Hitachi CP-HD9950-SD,"Hitachi CP-HD9950-SD Проектор Hitachi CP-HD9950 (со стандартным объективом), 1-chip DLP,  Full HD, 1020х1080, 9 500 Lm, контрастность 2500:1, портретный режим, HDBaseT, HDMI x2, SDI, DVI-D, вес 17.9 кг",,?
2578569,137280.0,RUR,Проекторы,HITACHI,Проекторы HITACHI Hitachi CP-TW2505 (УКФ интерактив),"Hitachi CP-TW2505 (УКФ интерактив) Интерактивный, Ультракороткофокусный, LCD, WXGA, 1280x800, 2700 Lm, 10000:1, лампа 5000/8000/10000 часов, TR 0.3, VGA x2, HDMI x2, композитный, аудио mini jack, аудио RCA, USB (A), USB (B), RS232, RJ45, 34/32 дБ, 4.3 кг, 377x136x360 мм, Wi-fi (опция)",**,?
2578570,162426.0,RUR,Проекторы,HITACHI,Проекторы HITACHI Hitachi CP-TW3005 (УКФ интерактив),"Hitachi CP-TW3005 (УКФ интерактив) Интерактивный, Ультракороткофокусный, LCD, WXGA, 1280x800, 3300 Lm, 10000:1, лампа 4000/5000/6000 часов, TR 0.3, VGA x2, HDMI x2, композитный, аудио mini jack, аудио RCA, USB (A), USB (B), RS232, RJ45, 36/32 дБ, 4.3 кг, 377x136x360 мм, Wi-fi (опция)",**,?
2578522,178662.0,RUR,Проекторы,HITACHI,Проекторы HITACHI Hitachi CP-TW3506 (УКФ интерактив),"Hitachi CP-TW3506 (УКФ интерактив) Интерактивный, Ультракороткофокусный, LCD, WXGA, 1280x800, 3700 Lm, 16000:1, лампа 4000/5000/6000 часов, TR 0.3, VGA x2, HDMI x2, композитный, аудио mini jack, аудио RCA, USB (A) x2, USB (B), RS232, RJ45, 37/32 дБ, 4.5 кг, 382x141x362 мм, Wi-fi (опция)",,?
2578635,213300.0,RUR,Проекторы,HITACHI,Проекторы HITACHI Hitachi CP-WU5500GF,"Hitachi CP-WU5500GF Проектор Hitachi CP-WU5500 (со стандартным объективом), 3LCD, WUXGA, 1920x1200, 5 200 Lm, контрастность 10000:1, сшивка и коррекция геометрии, HDMI x2, вес 6,5 кг",,?
2578824,236700.0,RUR,Проекторы,HITACHI,Проекторы HITACHI Hitachi CP-WU5505GF,"Hitachi CP-WU5505GF Проектор Hitachi CP-WU5505 (со стандартным объективом), 3LCD, WUXGA, 1920x1200, 5 200 Lm, контрастность 10000:1, сшивка и коррекция геометрии, HDMI x2, HDBaseT, вес 6.5 кг",,?
2578641,387900.0,RUR,Проекторы,HITACHI,Проекторы HITACHI Hitachi CP-WU8461,"Hitachi CP-WU8461 LCD, WUXGA, 1920x1200, 6000 Lm, 5000:1, лампа 2000/2500 часов, TR 1.5-3.0 (ML-713), VGA, HDMI x2, BNC, S-Video, композит, компонентный, аудио mini jack, аудио RCA, USB (A) x2, USB (B), RS232, RJ45, HDBaseT, 39/33 дБ, 9.2 кг, 498x135x396 мм, Wi-fi (опция)",,?
2578830,485000.0,RUR,Проекторы,HITACHI,Проекторы HITACHI Hitachi CP-WU8600-ML,"Hitachi CP-WU8600-ML Проектор Hitachi CP-WU8600W (со стандартным объективом ML-713), 3LCD, WUXGA, 1920x1200, 6 000 Lm, контрастность 10000:1, HDBaseT, HDMI x2, Display port, портретная ориентация, вес 11.1 кг",,?
2578642,432000.0,RUR,Проекторы,HITACHI,Проекторы HITACHI Hitachi CP-WU8600W,"Hitachi CP-WU8600W Проектор Hitachi CP-WU8600W (без объектива), 3LCD, WUXGA, 1920x1200, 6 000 Lm, контрастность 10000:1, HDBaseT, HDMI x2, Display port, портретная ориентация, вес 11.1 кг",,?
2578829,612000.0,RUR,Проекторы,HITACHI,Проекторы HITACHI Hitachi CP-WU8700-ML,"Hitachi CP-WU8700-ML Проектор Hitachi CP-WU8700W (со стандартным объективом ML-713), 3LCD, WUXGA, 1920x1200, 7 000 Lm, контрастность 10000:1, HDBaseT, HDMI x2, Display port, портретная ориентация, вес 11.1 кг",,?
2578643,561000.0,RUR,Проекторы,HITACHI,Проекторы HITACHI Hitachi CP-WU8700W,"Hitachi CP-WU8700W Проектор Hitachi CP-WU8700W (без объектива), 3LCD, WUXGA, 1920x1200, 7 000 Lm, контрастность 10000:1, HDBaseT, HDMI x2, Display port, портретная ориентация, вес 11.1 кг",,?
2578652,1410000.0,RUR,Проекторы,HITACHI,Проекторы HITACHI Hitachi CP-WU9100,"Hitachi CP-WU9100 Проектор Hitachi CP-WU9100 (без объектива), 1-chip DLP, WUXGA, 1920х1200, 10 000 Lm, контрастность 2500:1, портретный режим, HDBaseT, HDMI x2, SDI, DVI-D, вес 17.9 кг",,?
2578653,1513000.0,RUR,Проекторы,HITACHI,Проекторы HITACHI Hitachi CP-WU9100-SD,"Hitachi CP-WU9100-SD Проектор Hitachi CP-WU9100-SD (со стандартным объективом), 1-chip DLP, WUXGA, 1920х1200, 10 000 Lm, контрастность 2500:1, портретный режим, HDBaseT, HDMI x2, SDI, DVI-D, вес 17.9 кг",,?
2578650,964000.0,RUR,Проекторы,HITACHI,Проекторы HITACHI Hitachi CP-WU9410,"Hitachi CP-WU9410 Проектор Hitachi CP-WU9410 (без объектива), 1-chip DLP, WUXGA, 1920x1200, 8 500 Lm, контрастность 2500:1, HDBaseT, HDMI x2, вес 16.6 кг",,?
2578651,1036500.0,RUR,Проекторы,HITACHI,Проекторы HITACHI Hitachi CP-WU9410-SD,"Hitachi CP-WU9410-SD Проектор Hitachi CP-WU9411 (со стандартным объективом), 1-chip DLP, WUXGA, 1920x1200, 8 500 Lm, контрастность 2500:1, HDBaseT, HDMI x2, вес 16.6 кг",,?
2578508,51000.0,RUR,Проекторы,HITACHI,Проекторы HITACHI Hitachi CP-WX3042WN,"Hitachi CP-WX3042WN LCD, WXGA, 1280x800, 3000 Lm, 10000:1, лампа 5000/10000 часов, TR 1.5-1.8, VGA x2, HDMI x2, композитный, компонентный, аудио mini jack, аудио RCA, USB (A) x2, USB (B), RS232, RJ45, MHL, 37/29 дБ, 3.1 кг, 320x85x245 мм, USB Display, Wi-fi (опция)",,?
2578537,70300.0,RUR,Проекторы,HITACHI,Проекторы HITACHI Hitachi CP-WX30LWN,"Hitachi CP-WX30LWN LCD, WXGA, 1280x800, 3200 Lm, 10000:1, лампа 5000/10000 часов, TR 1.5-1.8, VGA x2, HDMI x2, композитный, компонентный, аудио mini jack, аудио RCA, USB (A) x2, USB (B), RS232, RJ45, MHL, 37/32 дБ, 3.3 кг, 325x95x245 мм, Wi-fi (опция)",,?
2578615,58800.0,RUR,Проекторы,HITACHI,Проекторы HITACHI Hitachi CP-WX3541WN,"Hitachi CP-WX3541WN LCD, WXGA, 1280x800, 3700 Lm, 10000:1, лампа 5000/8000/10000 часов, TR 1.5-1.8, VGA x2, HDMI x2, композитный, компонентный, аудио mini jack, аудио RCA, USB (A) x2, USB (B), RS232, RJ45, MHL, 37/29 дБ, 3.1 кг, 320x85x245 мм, USB Display, Wi-fi (опция)",****,?
2578841,73676.0,RUR,Проекторы,HITACHI,Проекторы HITACHI Hitachi CP-WX4022WN,"Hitachi CP-WX4022WN LCD, WXGA, 1280x800, 4000 Lm, 3000:1, лампа 3000/5000 часов, TR 1.5-2.5, VGA x2, HDMI, композитный, компонентный, аудио mini jack, аудио RCA, USB (A) x2, USB (B), RS232, RJ45, MHL, 36/30 дБ, 4.6 кг, 401x103x318 мм, USB Display, Wi-fi (опция)",***,?
2578631,164700.0,RUR,Проекторы,HITACHI,Проекторы HITACHI Hitachi CP-WX5500GF,"Hitachi CP-WX5500GF Проектор Hitachi CP-WX5500 (со стандартным объективом), 3LCD, WXGA, 1280x800, 5 200 Lm, контрастность 10000:1, HDMI x2, вес 6.5 кг",,?
2578632,187700.0,RUR,Проекторы,HITACHI,Проекторы HITACHI Hitachi CP-WX5505GF,"Hitachi CP-WX5505GF Проектор Hitachi CP-WX5505 (со стандартным объективом), 3LCD, WXGA, 1280x800, 5 200 Lm, контрастность 10000:1, сшивка и коррекция геометрии, HDMI x2, HDBaseT, вес 6.5 кг",,?
2578638,305900.0,RUR,Проекторы,HITACHI,Проекторы HITACHI Hitachi CP-WX8265,"Hitachi CP-WX8265 LCD, WXGA, 1280x800, 6500 Lm, 3000:1, VGA, HDMI x2, RGB (BNC), S-Video, композитный, компонентный, аудио mini jack, аудио RCA, USB (тип A) x2, USB (тип B), RS-232, RJ45, вес 8.8 кг",,?
2578827,402000.0,RUR,Проекторы,HITACHI,Проекторы HITACHI Hitachi CP-WX8650-ML,"Hitachi CP-WX8650-ML Проектор Hitachi CP-WX8650W (со стандартным объективом ML-713), 3LCD, WXGA, 1280x800, 6 500 Lm, контрастность 10000:1, HDBaseT, HDMI x2, Display port, портретная ориентация, вес 11.1 кг",,?
2578639,349000.0,RUR,Проекторы,HITACHI,Проекторы HITACHI Hitachi CP-WX8650W,"Hitachi CP-WX8650W Проектор Hitachi CP-WX8650W (без объектива), 3LCD, WXGA, 1280x800, 6 500 Lm, контрастность 10000:1, HDBaseT, HDMI x2, Display port, портретная ориентация, вес 11.1 кг",,?
2578828,424000.0,RUR,Проекторы,HITACHI,Проекторы HITACHI Hitachi CP-WX8750-ML,"Hitachi CP-WX8750-ML Проектор Hitachi CP-WX8750W (со стандартным объективом ML-713), 3LCD, WXGA, 1280x800, 7 500 Lm, контрастность 10000:1, HDBaseT, HDMI x2, Display port, портретная ориентация, вес 11.1 кг",,?
2578640,371000.0,RUR,Проекторы,HITACHI,Проекторы HITACHI Hitachi CP-WX8750W,"Hitachi CP-WX8750W Проектор Hitachi CP-WX8750W (без объектива), 3LCD, WXGA, 1280x800, 7 500 Lm, контрастность 10000:1, HDBaseT, HDMI x2, Display port, портретная ориентация, вес 11.1 кг",,?
2578645,619000.0,RUR,Проекторы,HITACHI,Проекторы HITACHI Hitachi CP-WX9210,"Hitachi CP-WX9210 Проектор Hitachi CP-WX9210 (без объектива), 1-chip DLP, WXGA, 1280x800, 8 500 Lm, контрастность 2500:1, HDBaseT, HDMI x2, вес 16.6 кг",,?
2578826,689500.0,RUR,Проекторы,HITACHI,Проекторы HITACHI Hitachi CP-WX9210-SD,"Hitachi CP-WX9210-SD Проектор Hitachi CP-WX9210 (со стандартным объективом), 1-chip DLP, WXGA, 1280x800, 8500 Lm, контрастность 2500:1, HDBaseT, HDMI x2, вес 16.6 кг",,?
2578507,44400.0,RUR,Проекторы,HITACHI,Проекторы HITACHI Hitachi CP-X3042WN,"Hitachi CP-X3042WN LCD, XGA, 1024x768, 3200 Lm, 10000:1, лампа 5000/10000 часов, TR 1.5-1.8, VGA x2, HDMI x2, композитный, компонентный, аудио mini jack, аудио RCA, USB (A) x2, USB (B), RS232, RJ45, MHL, 37/29 дБ, 3.1 кг, 320x85x245 мм, USB Display, Wi-fi (опция)",,?
2578509,60600.0,RUR,Проекторы,HITACHI,Проекторы HITACHI Hitachi CP-X30LWN,"Hitachi CP-X30LWN LCD, XGA, 1024x768, 3200 Lm, 10000:1, лампа 5000/10000 часов, TR 1.5-1.8, VGA x2, HDMI x2, композитный, компонентный, аудио mini jack, аудио RCA, USB (A) x2, USB (B), RS232, RJ45, MHL, 37/32 дБ, 3.3 кг, 325x95x245 мм, Wi-fi (опция)",****,?
2578511,58678.0,RUR,Проекторы,HITACHI,Проекторы HITACHI Hitachi CP-X4042WN,"Hitachi CP-X4042WN LCD, XGA, 1024x768, 4200 Lm, 10000:1, лампа 5000/10000 часов, TR 1.5-1.8, VGA x2, HDMI x2, композитный, компонентный, аудио mini jack, аудио RCA, USB (A) x2, USB (B), RS232, RJ45, MHL, 37/29 дБ, 3.1 кг, 320x85x245 мм, USB Display, Wi-fi (опция)",**,?
2578636,133900.0,RUR,Проекторы,HITACHI,Проекторы HITACHI Hitachi CP-X5022WN,"Hitachi CP-X5022WN LCD, XGA, 1024x768, 5000 Lm, 3000:1, лампа 3000/5000 часов, TR 1.5-2.5, VGA x2, HDMI, S-Video, композитный, компонентный, аудио mini jack, аудио RCA, USB (A) x2, USB (B), RS232, RJ45, 35/29 дБ, 4.7 кг, 401x103x318 мм, USB Display, Wi-fi (опция)",,?
2578630,151000.0,RUR,Проекторы,HITACHI,Проекторы HITACHI Hitachi CP-X5550GF,"Hitachi CP-X5550GF Проектор Hitachi CP-X5550 (со стандартным объективом), 3LCD, XGA, 1024x768, 5 800 Lm, контрастность 10000:1, сшивка и коррекция геометрии, HDMI x2, вес 6.5 кг",,?
2578721,328028.0,RUR,Проекторы,HITACHI,Проекторы HITACHI Hitachi CP-X8800-ML,"Hitachi CP-X8800-ML Проектор Hitachi CP-X8800W (со стандартным объективом ML-713), 3LCD, XGA, 1024x768, 8 000 Lm, контрастность 10000:1, HDBaseT, HDMI x2, Display port, портретная ориентация, вес 11.1 кг",,?
2578637,288086.0,RUR,Проекторы,HITACHI,Проекторы HITACHI Hitachi CP-X8800W,"Hitachi CP-X8800W Проектор Hitachi CP-X8800W (без объектива), 3LCD, XGA, 1024x768, 8 000 Lm, контрастность 10000:1, HDBaseT, HDMI x2, Display port, портретная ориентация, вес 11.1 кг",****,?
2578644,718000.0,RUR,Проекторы,HITACHI,Проекторы HITACHI Hitachi CP-X9110,"Hitachi CP-X9110 Проектор Hitachi CP-X9110 (без объектива), 1-chip DLP, XGA, 1024x768, 10 000 Lm, контрастность 2000:1, HDBaseT, HDMI x2, 16.6 кг",,?
2578825,789000.0,RUR,Проекторы,HITACHI,Проекторы HITACHI Hitachi CP-X9110-SD,"Hitachi CP-X9110-SD Проектор Hitachi CP-X9110 (со стандартным объективом), 1-chip DLP, XGA, 1024x768, 10 000 Lm, контрастность 2000:1, HDBaseT, HDMI x2, вес 16.6 кг",,?
2578523,6600.0,RUR,Проекторы,HITACHI,Проекторы HITACHI Hitachi HAS-WM03 (настенное крепление),"Hitachi HAS-WM03 (настенное крепление) Настенное крепление для ультракороткофокусных моделей CP-AX2505, CP-AX3005, CP-AX3505, CP-AW2505, CP-AW3005, CP-AW3506, CP-TW2505, CP-TW3005, CP-TW3506",**** /рез.:****,?
2578834,299000.0,RUR,Проекторы,HITACHI,Проекторы HITACHI Hitachi LP-TW3001 (УКФ интерактив),"Hitachi LP-TW3001 (УКФ интерактив) Лазерный, Интерактивный, Ультракороткофокусный, LCD, WXGA, 1280x800, 3300 Lm, 500000:1, 20000 часов, TR 0.3, VGA x2, HDMI x2, композитный, аудио mini jack, аудио RCA, USB (A) x2, USB (B), RS232, RJ45, MHL, 34 дБ, 7.7 кг, 512x424x155 мм, цвет белый",,?
2578835,362500.0,RUR,Проекторы,HITACHI,Проекторы HITACHI Hitachi LP-TW4001 (УКФ интерактив),"Hitachi LP-TW4001 (УКФ интерактив) Лазерный, Интерактивный, Ультракороткофокусный, LCD, WXGA, 1280x800, 4200 Lm, 500000:1, 20000 часов, TR 0.3, VGA x2, HDMI x2, композитный, аудио mini jack, аудио RCA, USB (A) x2, USB (B), RS232, RJ45, MHL, 34 дБ, 7.9 кг, 512x424x155 мм, цвет белый",,?
2578680,380000.0,RUR,Проекторы,HITACHI,Проекторы HITACHI Hitachi LP-WU3500EF,"Hitachi LP-WU3500EF LED Проектор LP-WU3500 (с объективом), DLP, WUXGA, 1920x1200, 3500 Lm, контрастность 30000:1, сшивка и коррекция геометрии, срок службы всех компонентов проектора 20000 часов",,?
2578683,408000.0,RUR,Проекторы,HITACHI,Проекторы HITACHI Hitachi LP-WU6500,"Hitachi LP-WU6500 Лазерный 1-чиповый DLP-проектор (с объективом), WUXGA, 1920x1200, 5000 Lm, 30000:1, HDBaseT, HDMI x2, DVI-D, вес 28 кг, цвет белый",,?
2578684,757000.0,RUR,Проекторы,HITACHI,Проекторы HITACHI Hitachi LP-WU6600,"Hitachi LP-WU6600 Лазерный 1-чиповый DLP-проектор (без объектива), WUXGA, 1920x1200, 6000 Lm, 20000:1, HDBaseT, HDMI x2, DVI-D, вес 28 кг, цвет белый",,?
2578831,818500.0,RUR,Проекторы,HITACHI,Проекторы HITACHI Hitachi LP-WU6600-SD,"Hitachi LP-WU6600-SD Лазерный 1-чиповый DLP-проектор (со стандартным объективом), WUXGA, 1920x1200, 6000 Lm, 20000:1, HDBaseT, HDMI x2, DVI-D, вес 28 кг, цвет белый",,?
2578686,1999900.0,RUR,Проекторы,HITACHI,Проекторы HITACHI Hitachi LP-WU9100,"Hitachi LP-WU9100 Лазерный 1-чиповый DLP-проектор Hitachi LP-WU9100 (без объектива), WUXGA, 1920x1200, 10000 Lm, 30000:1, HDBaseT, HDMI x2, DVI-D, вес 28 кг, цвет черный",,?
2578832,2070000.0,RUR,Проекторы,HITACHI,Проекторы HITACHI Hitachi LP-WU9100-SD,"Hitachi LP-WU9100-SD Лазерный 1-чиповый DLP-проектор Hitachi LP-WU9100 (со стандартным объективом), WUXGA, 1920x1200, 10000 Lm, 30000:1, HDBaseT, HDMI x2, DVI-D, вес 28 кг, цвет черный",,?
2578685,1350000.0,RUR,Проекторы,HITACHI,Проекторы HITACHI Hitachi LP-WU9750BGD,"Hitachi LP-WU9750BGD Лазерный 1-чиповый DLP-проектор Hitachi CP-WU9750 (без объектива), WUXGA, 1920х1200, 8000 Lm, контрастность 20000:1, портретный режим, HDBaseT, вес 29 кг",,?
2578833,1425000.0,RUR,Проекторы,HITACHI,Проекторы HITACHI Hitachi LP-WU9750-SD,"Hitachi LP-WU9750-SD Лазерный 1-чиповый DLP-проектор Hitachi CP-WU9750 (со стандартным объективом), WUXGA, 1920х1200, 8000 Lm, контрастность 20000:1, портретный режим, HDBaseT, вес 29 кг",,?
2578678,380000.0,RUR,Проекторы,HITACHI,Проекторы HITACHI Hitachi LP-WX3500EF,"Hitachi LP-WX3500EF LED Проектор LP-WU3500 (с объективом), DLP, WXGA, 1280x800, 3500 Lm, контрастность 30000:1, сшивка и коррекция геометрии, срок службы всех компонентов проектора 20000 часов",,?
2574973,180000.0,RUR,Проекторы,PANASONIC,Проекторы PANASONIC Panasonic PT-AE8000EA,"Panasonic PT-AE8000EA 3D, 2,400 лм, LCD, FullHD (1080p), 500,000:1",,?
2573942,160000.0,RUR,Проекторы,PANASONIC,Проекторы PANASONIC Panasonic PT-AR100EA,"Panasonic PT-AR100EA 2,800 лм, LCD, FullHD (1080p), 50,000:1",,?
2571838,125000.0,RUR,Проекторы,PANASONIC,Проекторы PANASONIC Panasonic PT-D5000ELS,"Panasonic PT-D5000ELS DLP, 1024х768, 1000:1, 5000 Lm, 2-х ламповый, VGA, DVI, RGB (BNC), S-Video, композитный, компонентный, RS-232, Ethernet, 15.2 кг, 498x175x432 мм. Без объектива, моторизованные зум-фокус, сменная оптика",,?
2571837,155000.0,RUR,Проекторы,PANASONIC,Проекторы PANASONIC Panasonic PT-D5000ES,"Panasonic PT-D5000ES DLP, 1024х768, 1000:1, 5000 Lm, 2-х ламповый, VGA, DVI, RGB (BNC), S-Video, композитный, компонентный, RS-232, Ethernet, 16 кг, 498x175x440 мм, моторизованные зум-фокус, сменная оптика",,?
2571836,249000.0,RUR,Проекторы,PANASONIC,Проекторы PANASONIC Panasonic PT-D6000ELS,"Panasonic PT-D6000ELS DLP, 1024х768, 2000:1, 6500 Lm, 2-х ламповый, VGA, DVI, RGB (BNC), S-Video, композитный, компонентный, RS-232, Ethernet, 16 кг, 498x175x440 мм. Без объектива, моторизованные зум-фокус, сменная оптика, цвет белый",,?
2571834,277000.0,RUR,Проекторы,PANASONIC,Проекторы PANASONIC Panasonic PT-D6000ES,"Panasonic PT-D6000ES DLP, 1024х768, 2000:1, 6500 Lm, 2-х ламповый, VGA, DVI, RGB (BNC), S-Video, композитный, компонентный, RS-232, Ethernet, 16 кг, 498x175x440 мм, моторизованные зум-фокус, сменная оптика, цвет белый",,?
2576299,3300000.0,RUR,Проекторы,PANASONIC,Проекторы PANASONIC Panasonic PT-DS12KE,"Panasonic PT-DS12KE 12,000 лм, SXGA+, 10,000:1, 2 лампы",,?
2574238,5350000.0,RUR,Проекторы,PANASONIC,Проекторы PANASONIC Panasonic PT-DS20K2E,"Panasonic PT-DS20K2E 20 000 лм, SXGA+, 10,000:1, 4 лампы, 24/7, без объектива (частота 120Hz, уровень шума 46dB, срок службы лампы 3000ч.)",,?
2576287,2350000.0,RUR,Проекторы,PANASONIC,Проекторы PANASONIC Panasonic PT-DW11KE,"Panasonic PT-DW11KE 11,000 лм, WXGA, 10,000:1, 2 лампы",,?
2574239,3800000.0,RUR,Проекторы,PANASONIC,Проекторы PANASONIC Panasonic PT-DW17K2E,"Panasonic PT-DW17K2E 17 000 лм, WXGA, 10,000:1, 4 лампы, 24/7, без объектива (частота 120Hz, уровень шума 46dB, срок службы лампы 3000ч.)",,?
2573954,190000.0,RUR,Проекторы,PANASONIC,Проекторы PANASONIC Panasonic PT-DW530E,"Panasonic PT-DW530E 4,000 лм, 1280x800, DLP, 2000:1",,?
2576291,315000.0,RUR,Проекторы,PANASONIC,Проекторы PANASONIC Panasonic PT-DW640EK,"Panasonic PT-DW640EK 6,000 лм, 1280x800, 2 000:1, 2 лампы, черный,  со стандартным объективом",,?
2576292,290000.0,RUR,Проекторы,PANASONIC,Проекторы PANASONIC Panasonic PT-DW640ELK,"Panasonic PT-DW640ELK 6,000 лм, 1280x800, 2 000:1, 2 лампы, черный, без объектива",,?
2576294,290000.0,RUR,Проекторы,PANASONIC,Проекторы PANASONIC Panasonic PT-DW640ELS,"Panasonic PT-DW640ELS 6,000 лм, 1280x800, 2 000:1, 2 лампы, серебристый, без объектива",,?
2576293,315000.0,RUR,Проекторы,PANASONIC,Проекторы PANASONIC Panasonic PT-DW640ES,"Panasonic PT-DW640ES 6,000 лм, 1280x800, 2 000:1, 2 лампы, серебристый,  со стандартным объективом",,?
2576295,570000.0,RUR,Проекторы,PANASONIC,Проекторы PANASONIC Panasonic PT-DW750BE,"Panasonic PT-DW750BE 7 000 лм, WXGA, Digital Link, 2 лампы, черный, 24/7, со стандартным объективом (уровень шума 30dB, срок службы лампы 4000ч.)",,?
2576296,540000.0,RUR,Проекторы,PANASONIC,Проекторы PANASONIC Panasonic PT-DW750LBE,"Panasonic PT-DW750LBE 7 000 лм, WXGA, Digital Link, 2 лампы, черный, 24/7, без объектива (уровень шума 30dB, срок службы лампы 4000ч.)",,?
2576298,540000.0,RUR,Проекторы,PANASONIC,Проекторы PANASONIC Panasonic PT-DW750LWE,"Panasonic PT-DW750LWE 7 000 лм, WXGA, Digital Link, 2 лампы, белый, 24/7, без объектива (уровень шума 30dB, срок службы лампы 4000ч.)",,?
2576297,570000.0,RUR,Проекторы,PANASONIC,Проекторы PANASONIC Panasonic PT-DW750WE,"Panasonic PT-DW750WE 7 000 лм, WXGA, Digital Link, 2 лампы, белый, 24/7, со стандартным объективом (уровень шума 30dB, срок службы лампы 4000ч.)",,?
2576289,720000.0,RUR,Проекторы,PANASONIC,Проекторы PANASONIC Panasonic PT-DW830EK,"Panasonic PT-DW830EK 8,500 лм, WXGA, 10,000:1, Digital Link, 2 лампы, черный, со стандартным объективом",,?
2576290,690000.0,RUR,Проекторы,PANASONIC,Проекторы PANASONIC Panasonic PT-DW830ELK,"Panasonic PT-DW830ELK 8,500 лм, WXGA, 10,000:1, Digital Link, 2 лампы, черный, без объектива",,?
2576281,800000.0,RUR,Проекторы,PANASONIC,Проекторы PANASONIC Panasonic PT-DX100EK,"Panasonic PT-DX100EK 10,000 лм, XGA, 10,000:1, Digital Link, 2 лампы, черный, со стандартным объективом",,?
2576282,770000.0,RUR,Проекторы,PANASONIC,Проекторы PANASONIC Panasonic PT-DX100ELK,"Panasonic PT-DX100ELK 10,000 лм, XGA, 10,000:1, Digital Link, 2 лампы, черный, без объектива",,?
2573951,335000.0,RUR,Проекторы,PANASONIC,Проекторы PANASONIC Panasonic PT-DX810ELS,"Panasonic PT-DX810ELS 8,200 лм, 1024x768, 2,000:1, 2 лампы, серебристый, без объектива",,?
2573953,355000.0,RUR,Проекторы,PANASONIC,Проекторы PANASONIC Panasonic PT-DX810ES,"Panasonic PT-DX810ES 8,200 лм, 1024x768, 2,000:1, 2 лампы, серебристый, со стандартным объективом",,?
2576283,570000.0,RUR,Проекторы,PANASONIC,Проекторы PANASONIC Panasonic PT-DX820BE,"Panasonic PT-DX820BE 8 200 лм, XGA, Digital Link, 2 лампы, черный, 24/7, со стандартным объективом (уровень шума 30dB, срок службы лампы 4000ч.)",,?
2576284,540000.0,RUR,Проекторы,PANASONIC,Проекторы PANASONIC Panasonic PT-DX820LBE,"Panasonic PT-DX820LBE 8 200 лм, XGA, Digital Link, 2 лампы, черный, 24/7, без объектива (уровень шума 30dB, срок службы лампы 4000ч.)",,?
2576285,540000.0,RUR,Проекторы,PANASONIC,Проекторы PANASONIC Panasonic PT-DX820LWE,"Panasonic PT-DX820LWE 8 200 лм, WXGA, Digital Link, 2 лампы, белый, 24/7, без объектива (уровень шума 30dB, срок службы лампы 4000ч.)",,?
2576286,570000.0,RUR,Проекторы,PANASONIC,Проекторы PANASONIC Panasonic PT-DX820WE,"Panasonic PT-DX820WE 8 200 лм, XGA, Digital Link, 2 лампы, белый, 24/7, со стандартным объективом (уровень шума 30dB, срок службы лампы 4000ч.)",,?
2576302,3950000.0,RUR,Проекторы,PANASONIC,Проекторы PANASONIC Panasonic PT-DZ10KE,"Panasonic PT-DZ10KE 10,600 лм, WUXGA, 10,000:1, 2 лампы",,?
2576301,4700000.0,RUR,Проекторы,PANASONIC,Проекторы PANASONIC Panasonic PT-DZ13KE,"Panasonic PT-DZ13KE 12,000 лм, WUXGA, 10,000:1, 2 лампы",,?
2576300,5900000.0,RUR,Проекторы,PANASONIC,Проекторы PANASONIC Panasonic PT-DZ16K2E,"Panasonic PT-DZ16K2E 16 000 лм, FullHD, 10,000:1, 4 лампы, 24/7, без объектива (частота 120Hz, уровень шума 46dB, срок службы лампы 3000ч.)",,?
2574237,7200000.0,RUR,Проекторы,PANASONIC,Проекторы PANASONIC Panasonic PT-DZ21K2E,"Panasonic PT-DZ21K2E 20 000 лм, WUXGA, 10,000:1, 4 лампы, 24/7, без объектива  (частота 120Hz, уровень шума 46dB, срок службы лампы 3000ч.)",,?
2573602,445000.0,RUR,Проекторы,PANASONIC,Проекторы PANASONIC Panasonic PT-DZ570E,"Panasonic PT-DZ570E 4,000 лм,  1920x1200,DLP, 2000:1",,?
2576303,850000.0,RUR,Проекторы,PANASONIC,Проекторы PANASONIC Panasonic PT-DZ780BE,"Panasonic PT-DZ780BE 7 000 лм, WUXGA, Digital Link, 2 лампы, черный, 24/7, со стандартным объективом (уровень шума 30dB, срок службы лампы 4000ч.)",,?
2576304,820000.0,RUR,Проекторы,PANASONIC,Проекторы PANASONIC Panasonic PT-DZ780LBE,"Panasonic PT-DZ780LBE 7 000 лм, WUXGA, Digital Link, 2 лампы, черный, 24/7, без объектива (уровень шума 30dB, срок службы лампы 4000ч.",,?
2576305,820000.0,RUR,Проекторы,PANASONIC,Проекторы PANASONIC Panasonic PT-DZ780LWE,"Panasonic PT-DZ780LWE 7 000 лм, WUXGA, Digital Link, 2 лампы, белый, 24/7, без объектива (уровень шума 30dB, срок службы лампы 4000ч.)",,?
2576306,850000.0,RUR,Проекторы,PANASONIC,Проекторы PANASONIC Panasonic PT-DZ780WE,"Panasonic PT-DZ780WE 7 000 лм, WUXGA, Digital Link, 2 лампы, белый, 24/7, со стандартным объективом (уровень шума 30dB, срок службы лампы 4000ч.)",,?
2576307,1450000.0,RUR,Проекторы,PANASONIC,Проекторы PANASONIC Panasonic PT-DZ870EK,"Panasonic PT-DZ870EK 8,500 лм, WUXGA, 10,000:1, Digital Link, 2 лампы, черный, со стандартным объективом",,?
2576308,1420000.0,RUR,Проекторы,PANASONIC,Проекторы PANASONIC Panasonic PT-DZ870ELK,"Panasonic PT-DZ870ELK 8,500 лм, WUXGA, 10,000:1, Digital Link, 2 лампы, черный, без объектива",,?
2576313,235000.0,RUR,Проекторы,PANASONIC,Проекторы PANASONIC Panasonic PT-EW540E,"Panasonic PT-EW540E 5 000 лм, WXGA, 2000:1, Digital Link, со стандартным объективом",,?
2576314,215000.0,RUR,Проекторы,PANASONIC,Проекторы PANASONIC Panasonic PT-EW540EL,"Panasonic PT-EW540EL 5 000 лм, WXGA, 2000:1, Digital Link, без объектива",,?
2576315,255000.0,RUR,Проекторы,PANASONIC,Проекторы PANASONIC Panasonic PT-EW640E,"Panasonic PT-EW640E 5 800 лм, WXGA, 5000:1, Digital Link, со стандартным объективом",,?
2576316,235000.0,RUR,Проекторы,PANASONIC,Проекторы PANASONIC Panasonic PT-EW640EL,"Panasonic PT-EW640EL 5 800 лм, WXGA, 5000:1, Digital Link, без объектива",,?
2576317,385000.0,RUR,Проекторы,PANASONIC,Проекторы PANASONIC Panasonic PT-EW730ZE,"Panasonic PT-EW730ZE 7 000 лм, WXGA, 5000:1, Digital Link, со стандартным объективом",,?
2576318,365000.0,RUR,Проекторы,PANASONIC,Проекторы PANASONIC Panasonic PT-EW730ZLE,"Panasonic PT-EW730ZLE 7 000 лм, WXGA, 5000:1, Digital Link, без объектива",,?
2574227,925000.0,RUR,Проекторы,PANASONIC,Проекторы PANASONIC Panasonic PT-EX12KE,"Panasonic PT-EX12KE 13,000 лм, 1024x768, 4000:1, 2 лампы, черный",,?
2573946,1150000.0,RUR,Проекторы,PANASONIC,Проекторы PANASONIC Panasonic PT-EX16KE,"Panasonic PT-EX16KE 16,000 лм, 1024x768, 2500:1, 4 лампы, черный",,?
2574256,109500.0,RUR,Проекторы,PANASONIC,Проекторы PANASONIC Panasonic PT-EX500E,"Panasonic PT-EX500E 5,000 лм,1024x768, 2000:1 со стандартным объективом",,?
2574257,99900.0,RUR,Проекторы,PANASONIC,Проекторы PANASONIC Panasonic PT-EX500EL,"Panasonic PT-EX500EL 5,000 лм, 1024x768, 2000:1, без объектива",,?
2576309,230000.0,RUR,Проекторы,PANASONIC,Проекторы PANASONIC Panasonic PT-EX510E,"Panasonic PT-EX510E 5 300 лм, XGA, 2000:1, Digital Link, со стандартным объективом",,?
2576310,210000.0,RUR,Проекторы,PANASONIC,Проекторы PANASONIC Panasonic PT-EX510EL,"Panasonic PT-EX510EL 5 300 лм, XGA, 2000:1, Digital Link, без объектива",,?
2576311,245000.0,RUR,Проекторы,PANASONIC,Проекторы PANASONIC Panasonic PT-EX610E,"Panasonic PT-EX610E 6 200 лм, XGA, 5000:1, Digital Link, со стандартным объективом",,?
2576312,225000.0,RUR,Проекторы,PANASONIC,Проекторы PANASONIC Panasonic PT-EX610EL,"Panasonic PT-EX610EL 6 200 лм, XGA, 5000:1, Digital Link, без объектива",,?
2576320,380000.0,RUR,Проекторы,PANASONIC,Проекторы PANASONIC Panasonic PT-EX800ZE,"Panasonic PT-EX800ZE 7 500 лм, XGA, 5000:1, Digital Link, со стандартным объективом",,?
2576319,360000.0,RUR,Проекторы,PANASONIC,Проекторы PANASONIC Panasonic PT-EX800ZLE,"Panasonic PT-EX800ZLE 7 500 лм, XGA, 5000:1, Digital Link, без объектива",,?
2576321,360000.0,RUR,Проекторы,PANASONIC,Проекторы PANASONIC Panasonic PT-EZ580E,"Panasonic PT-EZ580E 5 400 лм, WUXGA, 5000:1, Digital Link, со стандартным объективом",,?
2576322,340000.0,RUR,Проекторы,PANASONIC,Проекторы PANASONIC Panasonic PT-EZ580EL,"Panasonic PT-EZ580EL 5 400 лм, WUXGA, 5000:1, Digital Link, без объектива",,?
2576324,630000.0,RUR,Проекторы,PANASONIC,Проекторы PANASONIC Panasonic PT-EZ770ZE,"Panasonic PT-EZ770ZE 6 500 лм, WUXGA, 5000:1, Digital Link, со стандартным объективом",,?
2576323,600000.0,RUR,Проекторы,PANASONIC,Проекторы PANASONIC Panasonic PT-EZ770ZLE,"Panasonic PT-EZ770ZLE 6 500 лм, WUXGA, 5000:1, Digital Link, без объектива",,?
2573957,145000.0,RUR,Проекторы,PANASONIC,Проекторы PANASONIC Panasonic PT-FW430E,"Panasonic PT-FW430E 3,500 лм, 1280x800, LCD, 600:1",,?
2577116,280000.0,RUR,Проекторы,PANASONIC,Проекторы PANASONIC Panasonic PT-JW130GBE,"Panasonic PT-JW130GBE 1 000 лм, 1280x800, лазерный проектор с креплением на трековую шину, черный",,?
2577115,280000.0,RUR,Проекторы,PANASONIC,Проекторы PANASONIC Panasonic PT-JW130GWE,"Panasonic PT-JW130GWE 1 000 лм, 1280x800, лазерный проектор с креплением на трековую шину, белый",,?
2576272,47000.0,RUR,Проекторы,PANASONIC,Проекторы PANASONIC Panasonic PT-LB280E,"Panasonic PT-LB280E 2 800 лм, LCD, XGA, 10000:1",,?
2576271,49000.0,RUR,Проекторы,PANASONIC,Проекторы PANASONIC Panasonic PT-LB300E,"Panasonic PT-LB300E 3 100 лм, LCD, XGA, 10000:1",,?
2576270,53000.0,RUR,Проекторы,PANASONIC,Проекторы PANASONIC Panasonic PT-LB330E,"Panasonic PT-LB330E 3 300 лм, LCD, XGA, 10000:1",,?
2576269,57000.0,RUR,Проекторы,PANASONIC,Проекторы PANASONIC Panasonic PT-LB360E,"Panasonic PT-LB360E 3 700 лм, LCD, XGA, 10000:1",,?
2577200,67000.0,RUR,Проекторы,PANASONIC,Проекторы PANASONIC Panasonic PT-LB382E,"Panasonic PT-LB382E 3 800 лм, LCD, XGA, 12000:1, WiFi опционально с модулем ET-WML100, срок службы лампы до 10000ч в режиме Eco2",,?
2576274,55000.0,RUR,Проекторы,PANASONIC,Проекторы PANASONIC Panasonic PT-LW280E,"Panasonic PT-LW280E 2 800 лм, LCD, WXGA, 10000:1",,?
2576273,57000.0,RUR,Проекторы,PANASONIC,Проекторы PANASONIC Panasonic PT-LW330E,"Panasonic PT-LW330E 3 300 лм, LCD, WXGA, 10000:1",,?
2577069,8500000.0,RUR,Проекторы,PANASONIC,Проекторы PANASONIC Panasonic PT-RQ13KE,"Panasonic PT-RQ13KE 10 000 лм, 4K+ (5120x2880), 20,000:1, лазерный источник света (20 000 ч.), черный, 24/7",,?
2577067,4300000.0,RUR,Проекторы,PANASONIC,Проекторы PANASONIC Panasonic PT-RS11KE,"Panasonic PT-RS11KE 12 000 лм, SXGA+, 20,000:1, лазерный источник света (20 000 ч.), черный, 24/7",,?
2577500,8500000.0,RUR,Проекторы,PANASONIC,Проекторы PANASONIC Panasonic PT-RS30KE,"Panasonic PT-RS30KE 28 000 лм (Center), 27 000 лм, SXGA+, лазерный источник света (20 000 ч.), 24/7, без объектива",,?
2576278,290000.0,RUR,Проекторы,PANASONIC,Проекторы PANASONIC Panasonic PT-RW330E,"Panasonic PT-RW330E 3,500 лм, 1280х800, LED/Laser, светодиодная лампа, 10,000:1",,?
2576279,335000.0,RUR,Проекторы,PANASONIC,Проекторы PANASONIC Panasonic PT-RW430EK,"Panasonic PT-RW430EK 3,500 лм, 1280x800, LED/Laser, 3D,  светодиодная лампа, 20,000:1, черный",,?
2576280,335000.0,RUR,Проекторы,PANASONIC,Проекторы PANASONIC Panasonic PT-RW430EW,"Panasonic PT-RW430EW 3,500 лм, 1280x800, LED/Laser, 3D, светодиодная лампа, 20,000:1, белый",,?
2577068,6000000.0,RUR,Проекторы,PANASONIC,Проекторы PANASONIC Panasonic PT-RZ12KE,"Panasonic PT-RZ12KE 12 000 лм, WUXGA, 20,000:1, лазерный источник света (20 000 ч.), черный, 24/7",,?
2577498,11000000.0,RUR,Проекторы,PANASONIC,Проекторы PANASONIC Panasonic PT-RZ31KE,"Panasonic PT-RZ31KE 28 000 лм (Center), 27 000 лм, WUXGA, лазерный источник света (20 000 ч.), 24/7, без объектива",,?
2576275,370000.0,RUR,Проекторы,PANASONIC,Проекторы PANASONIC Panasonic PT-RZ370E,"Panasonic PT-RZ370E 3,500 лм, 1920х1080, LED/Laser,светодиодная лампа, 10,000:1",,?
2576276,415000.0,RUR,Проекторы,PANASONIC,Проекторы PANASONIC Panasonic PT-RZ470EK,"Panasonic PT-RZ470EK 3,500 лм, 1920x1080, LED/Laser, 3D, светодиодная лампа, 20,000:1, черный",,?
2576277,415000.0,RUR,Проекторы,PANASONIC,Проекторы PANASONIC Panasonic PT-RZ470EW,"Panasonic PT-RZ470EW 3,500 лм, 1920x1080, LED/Laser, 3D, светодиодная лампа, 20,000:1, белый",,?
2577066,700000.0,RUR,Проекторы,PANASONIC,Проекторы PANASONIC Panasonic PT-RZ475E,"Panasonic PT-RZ475E 3,000 лм, 1920x1080, LED/Laser, 3D, светодиодная лампа, 20,000:1, черный",,?
2576329,880000.0,RUR,Проекторы,PANASONIC,Проекторы PANASONIC Panasonic PT-RZ630BE,"Panasonic PT-RZ630BE 6 500 лм, WXGA, 10,000:1, Лазерный источник света (20 000 час.), черный, со стандартным объективом",,?
2576330,850000.0,RUR,Проекторы,PANASONIC,Проекторы PANASONIC Panasonic PT-RZ630LBE,"Panasonic PT-RZ630LBE 6 500 лм, WXGA, 10,000:1, Лазерный источник света (20 000 час.), черный, без объектива",,?
2576331,850000.0,RUR,Проекторы,PANASONIC,Проекторы PANASONIC Panasonic PT-RZ630LWE,"Panasonic PT-RZ630LWE 6 500 лм, WXGA, 10,000:1, Лазерный источник света (20 000 час.), белый, без объектива",,?
2576332,880000.0,RUR,Проекторы,PANASONIC,Проекторы PANASONIC Panasonic PT-RZ630WE,"Panasonic PT-RZ630WE 6 500 лм, WXGA, 10,000:1, Лазерный источник света (20 000 час.), белый, со стандартным объективом",,?
2576325,1680000.0,RUR,Проекторы,PANASONIC,Проекторы PANASONIC Panasonic PT-RZ670BE,"Panasonic PT-RZ670BE 6 500 лм, WUXGA, 10,000:1, Лазерный источник света (20 000 час.), черный, со стандартным объективом",,?
2576327,1650000.0,RUR,Проекторы,PANASONIC,Проекторы PANASONIC Panasonic PT-RZ670LBE,"Panasonic PT-RZ670LBE 6 500 лм, WUXGA, 10,000:1, Лазерный источник света (20 000 час.), черный, без объектива",,?
2576328,1650000.0,RUR,Проекторы,PANASONIC,Проекторы PANASONIC Panasonic PT-RZ670LWE,"Panasonic PT-RZ670LWE 6 500 лм, WUXGA, 10,000:1, Лазерный источник света (20 000 час.), белый, без объектива",,?
2576326,1680000.0,RUR,Проекторы,PANASONIC,Проекторы PANASONIC Panasonic PT-RZ670WE,"Panasonic PT-RZ670WE 6 500 лм, WUXGA, 10,000:1, Лазерный источник света (20 000 час.), белый, со стандартным объективом",,?
2576256,79000.0,RUR,Проекторы,PANASONIC,Проекторы PANASONIC Panasonic PT-TW250E,"Panasonic PT-TW250E 2 800 лм, LCD, WXGA, 10000:1, HDMI, RJ45, USB-display, 10W (проекционное соотношение 0,46:1)",,?
2576254,90000.0,RUR,Проекторы,PANASONIC,Проекторы PANASONIC Panasonic PT-TW341RE,"Panasonic PT-TW341RE 3 200 лм, LCD, WXGA, 10000:1, HDMI, RJ45, USB-display, 10W (проекционное соотношение 0,46:1)",,?
2576253,88000.0,RUR,Проекторы,PANASONIC,Проекторы PANASONIC Panasonic PT-TX400E,"Panasonic PT-TX400E 3 500 лм, LCD, XGA, 5000:1, HDMI, RJ45, USB-display, 10W (проекционное соотношение 0,46:1)",,?
2576260,75000.0,RUR,Проекторы,PANASONIC,Проекторы PANASONIC Panasonic PT-VW350E,"Panasonic PT-VW350E 4 000 лм, LCD, WXGA, 10000:1",,?
2576259,99000.0,RUR,Проекторы,PANASONIC,Проекторы PANASONIC Panasonic PT-VW355NE,"Panasonic PT-VW355NE 4 000 лм, LCD, WXGA, 10000:1, WiFi (Intel WiDi)",,?
2576261,115000.0,RUR,Проекторы,PANASONIC,Проекторы PANASONIC Panasonic PT-VW530E,"Panasonic PT-VW530E 5 000 лм, LCD, WXGA, 5000:1",,?
2576262,145000.0,RUR,Проекторы,PANASONIC,Проекторы PANASONIC Panasonic PT-VW535NE,"Panasonic PT-VW535NE 5 000 лм, LCD, WXGA, 5000:1, WiFi, DigitalLink",,?
2576980,75000.0,RUR,Проекторы,PANASONIC,Проекторы PANASONIC Panasonic PT-VX420ZE,"Panasonic PT-VX420ZE 4 500 лм, LCD, XGA, 10000:1",,?
2577056,99000.0,RUR,Проекторы,PANASONIC,Проекторы PANASONIC Panasonic PT-VX425NE,"Panasonic PT-VX425NE 4 500 лм, LCD, XGA, 10000:1, WiFi (Intel WiDi)",,?
2576265,69000.0,RUR,Проекторы,PANASONIC,Проекторы PANASONIC Panasonic PT-VX42ZE,"Panasonic PT-VX42ZE 4 000 лм, LCD, XGA, 4000:1, 1,2 x зум",,?
2576214,115000.0,RUR,Проекторы,PANASONIC,Проекторы PANASONIC Panasonic PT-VX600E,"Panasonic PT-VX600E 5 500 лм, LCD, XGA, 5000:1",,?
2576263,145000.0,RUR,Проекторы,PANASONIC,Проекторы PANASONIC Panasonic PT-VX605NE,"Panasonic PT-VX605NE 5 500 лм, LCD, XGA, 5000:1, WiFi, DigitalLink",,?
2576268,170000.0,RUR,Проекторы,PANASONIC,Проекторы PANASONIC Panasonic PT-VZ570E,"Panasonic PT-VZ570E 4 500 лм, LCD, WUXGA, 5000:1",,?
2576267,200000.0,RUR,Проекторы,PANASONIC,Проекторы PANASONIC Panasonic PT-VZ575NE,"Panasonic PT-VZ575NE 4 800 лм, LCD, WUXGA, 5000:1, WiFi, DigitalLink",,?
2578155,205049.0,RUR,Проекторы,SONY,Проекторы SONY SONY VPL-PHZ10,"SONY VPL-PHZ10 Лазерный LCD, WUXGA, 5000 лм, 500000:1, 20000 час.",**** /рез.:****,?
2578156,185705.0,RUR,Проекторы,SONY,Проекторы SONY SONY VPL-PWZ10,"SONY VPL-PWZ10 Лазерный LCD, WXGA, 5000 лм, 500000:1, 20000 час.",**** /рез.:*,?
2578256,0,RUR,Проекторы,VIEWSONIC,Проекторы VIEWSONIC ViewSonic PJD6550LW,"ViewSonic PJD6550LW DLP, 3D, WXGA, 1280x800, 3300 Lm, 22000:1, лампа 5000/10000 часов (норм/SuperEco режим), TR 1.21-1.57, 10W speaker, 2x HDMI, 2x VGA, S-Video, композитный, аудио mini jack, VGA out, RS232, RJ45, 32/27 дБ, 2.3 кг, 316x104x228 мм",*,?
2578180,309099.0,RUR,Профессиональные ЖК панели,LG,Профессиональные ЖК панели LG LG 65SM5C-B,LG 65SM5C-B Описание в разработке,,?
2573788,40200.0,RUR,Профессиональные ЖК панели,NEC,Профессиональные ЖК панели NEC NEC MultiSync E325,"NEC MultiSync E325 Отдельностоящая, 32"", Разрешение: 1366x768 , яркость:300 нит, контрастность: 3000  , Вход HDMI x 3, Вход VGA x 1, Вход ""Component Video"" x 1, Вход ""Composite Video"" x 1, Вход RS-232C x 1 , режим работы 12/7.VESA 100х100, вес:6.7 кг.",,?
2572078,58200.0,RUR,Профессиональные ЖК панели,NEC,Профессиональные ЖК панели NEC NEC MultiSync E425,"NEC MultiSync E425 Отдельностоящая, 42"", Разрешение: 1920x1080  , яркость:300 нит, контрастность: 3000  , Вход HDMI x 3, Вход VGA x 1, Вход ""Component Video"" x 1, Вход ""Composite Video"" x 1, Вход RS-232C x 1  , режим работы 12/7.VESA 200х200 , вес:10.1 кг.",,?
2573194,79850.0,RUR,Профессиональные ЖК панели,NEC,Профессиональные ЖК панели NEC NEC MultiSync E505,"NEC MultiSync E505 Отдельностоящая, 50"", Разрешение: 1920x1080  , яркость:300 нит, контрастность: 5000  , Вход HDMI x 3, Вход VGA x 1, Вход ""Component Video"" x 1, Вход ""Composite Video"" x 1, Вход RS-232C x 1  , режим работы 16/7.VESA 200х400, вес:11.9 кг.",,?
2572509,237900.0,RUR,Профессиональные ЖК панели,NEC,Профессиональные ЖК панели NEC NEC MultiSync E654,"NEC MultiSync E654 Отдельностоящая, 65"", Разрешение: 1920x1080  , яркость:350 нит, контрастность: 4000  , Вход HDMI x 3, Вход VGA x 1, Вход ""Component Video"" x 1, Вход ""Composite Video"" x 1, Вход RS-232C x 1  , режим работы 12/7.VESA 400х400 , вес:30.0 кг",,?
2573459,334700.0,RUR,Профессиональные ЖК панели,NEC,Профессиональные ЖК панели NEC NEC MultiSync E705,"NEC MultiSync E705 Отдельностоящая, 70"", Разрешение: 1920x1080  , яркость:400 нит, контрастность: 4000  , Вход HDMI x 2, Вход DVI x 1, Вход VGA x 1, Вход Display Port x 1, Вход RS-232C x 1  , режим работы 12/7.VESA 400х400 , вес:47.0 кг",,?
2577911,633955.0,RUR,Профессиональные ЖК панели,NEC,Профессиональные ЖК панели NEC NEC MultiSync E705 SST,"NEC MultiSync E705 SST Интерактивная, 70"", 6 касаний, Разрешение: 1920x1080 , яркость:400 нит, контрастность: 4000  , Вход HDMI x 2, Вход DVI x 1, Вход VGA x 1, Вход Display Port x 1, Вход RS-232C x 1 , режим работы 12/7.VESA 400х400, вес:70.0 кг",,?
2573794,582300.0,RUR,Профессиональные ЖК панели,NEC,Профессиональные ЖК панели NEC NEC MultiSync E805,"NEC MultiSync E805 Отдельностоящая, 80"", Разрешение: 1920x1080  , яркость:350 нит, контрастность: 4000  , Вход HDMI x 2, Вход DVI x 1, Вход VGA x 1, Вход Display Port x 1, Вход RS-232C x 1  , режим работы 12/7.VESA 400х400 , вес:61.0 кг.",,?
2577912,996399.0,RUR,Профессиональные ЖК панели,NEC,Профессиональные ЖК панели NEC NEC MultiSync E805 SST,"NEC MultiSync E805 SST Интерактивная, 80"", 6 касаний, Разрешение: 1920x1080 , яркость:350 нит, контрастность: 5000  , Вход HDMI x 2, Вход DVI x 1, Вход VGA x 1, Вход Display Port x 1, Вход RS-232C x 1 , режим работы 12/7.VESA 400х400, вес:85.0 кг",,?
2572326,987380.0,RUR,Профессиональные ЖК панели,NEC,Профессиональные ЖК панели NEC NEC MultiSync E905,"NEC MultiSync E905 Отдельностоящая, 90"", Разрешение: 1920x1080  , яркость:350 нит, контрастность: 5000  , Вход HDMI x 2, Вход DVI x 1, Вход VGA x 1, Вход Display Port x 1, Вход RS-232C x 1    , режим работы 12/7.VESA 400х400 , вес:81.1 кг.",,?
2577913,1571555.0,RUR,Профессиональные ЖК панели,NEC,Профессиональные ЖК панели NEC NEC MultiSync E905 SST,"NEC MultiSync E905 SST Интерактивная, 90"", 6 касаний, Разрешение: 1920x1080 , яркость:350 нит, контрастность: 5000  , Вход HDMI x 2, Вход DVI x 1, Вход VGA x 1, Вход Display Port x 1, Вход RS-232C x 1 , режим работы 12/7.VESA 400х400, вес:105.0 кг",,?
2577881,133960.0,RUR,Профессиональные ЖК панели,NEC,Профессиональные ЖК панели NEC NEC MultiSync P403,"NEC MultiSync P403 Отдельностоящая, 40"", Разрешение: 1920x1080  , яркость:700 нит, контрастность: 4000  ,Входы HDMI x 1, DVI x 1,  VGA x 1, Display Port x 1,  ""Composite Video"" x 1,  RS-232C x 1, Выходы DVI x 1,  RS-232C x 1  , режим работы 24/7.VESA 300х300 , вес:17.0 кг",,?
2577886,164555.0,RUR,Профессиональные ЖК панели,NEC,Профессиональные ЖК панели NEC NEC MultiSync P403 PG,"NEC MultiSync P403 PG Закаленное стекло Отдельностоящая, 40"", Разрешение: 1920x1080  , яркость:700 нит, контрастность: 4000  ,Входы HDMI x 1,DVI x 1, VGA x 1, Display Port x 1,RS-232C x 1 , Выходы Display Port x 1 , режим работы 24/7. VESA 300х300 , вес:21.7 кг",,?
2577914,309390.0,RUR,Профессиональные ЖК панели,NEC,Профессиональные ЖК панели NEC NEC MultiSync P403 SST,"NEC MultiSync P403 SST Интерактивная, 40"", 6 касаний, Разрешение: 1920x1080 , яркость:700 нит, контрастность: 4000  ,Входы HDMI x 1, DVI x 1, VGA x 1, Display Port x 1, RS-232C x 1 Выход DVI x 1, Выход Display Port x 1 , режим работы 24/7.VESA 300х300, вес:24.0 кг",,?
2577882,171820.0,RUR,Профессиональные ЖК панели,NEC,Профессиональные ЖК панели NEC NEC MultiSync P463,"NEC MultiSync P463 Отдельностоящая, 46"", Разрешение: 1920x1080  , яркость:700 нит, контрастность: 4000  ,Входы HDMI x 1, DVI x 1,  VGA x 1, Display Port x 1,  ""Composite Video"" x 1,  RS-232C x 1, Выходы DVI x 1,  RS-232C x 1  , режим работы 24/7.VESA 300х300 , вес:21.4 кг",,?
2577887,213955.0,RUR,Профессиональные ЖК панели,NEC,Профессиональные ЖК панели NEC NEC MultiSync P463 PG,"NEC MultiSync P463 PG Закаленное стекло Отдельностоящая, 46"", Разрешение: 1920x1080  , яркость:700 нит, контрастность: 4000  ,Входы HDMI x 1,DVI x 1, VGA x 1, Display Port x 1,RS-232C x 1 , Выходы Display Port x 1 , режим работы 24/7. VESA 300х300 , вес:27.7 кг",,?
2577915,358377.0,RUR,Профессиональные ЖК панели,NEC,Профессиональные ЖК панели NEC NEC MultiSync P463 SST,"NEC MultiSync P463 SST Интерактивная, 46"", 6 касаний, Разрешение: 1920x1080 , яркость:700 нит, контрастность: 4000  ,Входы HDMI x 1, DVI x 1, VGA x 1, Display Port x 1, RS-232C x 1 Выход DVI x 1, Выход Display Port x 1 , режим работы 24/7.VESA 300х300, вес:32.0 кг",,?
2577883,219900.0,RUR,Профессиональные ЖК панели,NEC,Профессиональные ЖК панели NEC NEC MultiSync P553,"NEC MultiSync P553 Отдельностоящая, 55"", Разрешение: 1920x1080  , яркость:700 нит, контрастность: 4000  ,Входы HDMI x 1, DVI x 1,  VGA x 1, Display Port x 1,  ""Composite Video"" x 1,  RS-232C x 1, Выходы DVI x 1,  RS-232C x 1  , режим работы 24/7.VESA 300х300 , вес:25.3 кг",,?
2577888,296410.0,RUR,Профессиональные ЖК панели,NEC,Профессиональные ЖК панели NEC NEC MultiSync P553 PG,"NEC MultiSync P553 PG Закаленное стекло Отдельностоящая, 55"", Разрешение: 1920x1080  , яркость:700 нит, контрастность: 4000  ,Входы HDMI x 1,DVI x 1, VGA x 1, Display Port x 1,RS-232C x 1 , Выходы Display Port x 1 , режим работы 24/7. VESA 300х300 , вес:35.1 кг",,?
2577916,442220.0,RUR,Профессиональные ЖК панели,NEC,Профессиональные ЖК панели NEC NEC MultiSync P553 SST,"NEC MultiSync P553 SST Интерактивная, 55"", 6 касаний, Разрешение: 1920x1080 , яркость:700 нит, контрастность: 4000  ,Входы HDMI x 1, DVI x 1, VGA x 1, Display Port x 1, RS-232C x 1 Выход DVI x 1, Выход Display Port x 1 , режим работы 24/7.VESA 300х300, вес:23.0 кг",,?
2577884,549850.0,RUR,Профессиональные ЖК панели,NEC,Профессиональные ЖК панели NEC NEC MultiSync P703,"NEC MultiSync P703 Отдельностоящая, 70"", Разрешение: 1920x1080  , яркость:700 нит, контрастность: 5000  ,Входы HDMI x 1, DVI x 1,  VGA x 1, Display Port x 1,  ""Composite Video"" x 1,  RS-232C x 1, Выходы DVI x 1,  RS-232C x 1  , режим работы 24/7.VESA 400х400 , вес:47.0 кг",,?
2577889,835000.0,RUR,Профессиональные ЖК панели,NEC,Профессиональные ЖК панели NEC NEC MultiSync P703 PG,"NEC MultiSync P703 PG Закаленное стекло Отдельностоящая, 70"", Разрешение: 1920x1080  , яркость:700 нит, контрастность: 5000  ,Входы HDMI x 1,DVI x 1, VGA x 1, Display Port x 1,RS-232C x 1 , Выходы Display Port x 1 , режим работы 24/7. VESA 400х400 , вес:64.6 кг",,?
2577917,992250.0,RUR,Профессиональные ЖК панели,NEC,Профессиональные ЖК панели NEC NEC MultiSync P703 SST,"NEC MultiSync P703 SST Интерактивная, 70"", 6 касаний, Разрешение: 1920x1080 , яркость:700 нит, контрастность: 5000  ,Входы HDMI x 1, DVI x 1, VGA x 1, Display Port x 1, RS-232C x 1 Выход DVI x 1, Выход Display Port x 1 , режим работы 24/7.VESA 400х400, вес:70.0 кг",,?
2577885,1065000.0,RUR,Профессиональные ЖК панели,NEC,Профессиональные ЖК панели NEC NEC MultiSync P801,"NEC MultiSync P801 Отдельностоящая, 80"", Разрешение: 1920x1080  , яркость:700 нит, контрастность: 5000  ,Входы HDMI x 1, DVI x 1,  VGA x 1, Display Port x 1,  ""Composite Video"" x 1,  RS-232C x 1, Выходы DVI x 1,  RS-232C x 1  , режим работы 24/7.VESA 400х400 , вес:61.5 кг",,?
2577890,1310000.0,RUR,Профессиональные ЖК панели,NEC,Профессиональные ЖК панели NEC NEC MultiSync P801 PG,"NEC MultiSync P801 PG Закаленное стекло Отдельностоящая, 80"", Разрешение: 1920x1080  , яркость:700 нит, контрастность: 5000  ,Входы HDMI x 1,DVI x 1, VGA x 1, Display Port x 1,RS-232C x 1 , Выходы Display Port x 1 , режим работы 24/7. VESA 400х400 , вес:85.2 кг",,?
2577918,1569200.0,RUR,Профессиональные ЖК панели,NEC,Профессиональные ЖК панели NEC NEC MultiSync P801 SST,"NEC MultiSync P801 SST Интерактивная, 80"", 6 касаний, Разрешение: 1920x1080 , яркость:700 нит, контрастность: 5000  ,Входы HDMI x 1, DVI x 1, VGA x 1, Display Port x 1, RS-232C x 1 Выход DVI x 1, Выход Display Port x 1 , режим работы 24/7.VESA 400х400, вес:85.0 кг",,?
2577898,587700.0,RUR,Профессиональные ЖК панели,NEC,Профессиональные ЖК панели NEC NEC MultiSync UN551S,"NEC MultiSync UN551S Для видеостен, общий стык 1.8 мм, 55"", Разрешение: 1920x1080 , яркость:700 нит, контрастность: 1200:1  , Входы HDMI x 1,DVI x 1, VGA x 1, Display Port x 1,Выходы Display Port x 1,RS-232C x 1 , режим работы 24/7.VESA 400х400, вес:26.0 кг",,?
2577894,400800.0,RUR,Профессиональные ЖК панели,NEC,Профессиональные ЖК панели NEC NEC MultiSync UN551VS,"NEC MultiSync UN551VS Для видеостен, общий стык 1.8 мм, 55"", Разрешение: 1920x1080 , яркость:500 нит, контрастность: 1200:1  , Входы HDMI x 1,DVI x 1, VGA x 1, Display Port x 1,Выходы Display Port x 1,RS-232C x 1 , режим работы 24/7.VESA 400х400, вес:24.7 кг",,?
2577874,73850.0,RUR,Профессиональные ЖК панели,NEC,Профессиональные ЖК панели NEC NEC MultiSync V323-2,"NEC MultiSync V323-2 Отдельностоящая, 32"", Разрешение: 1920x1080  , яркость:350 нит, контрастность: 1300  , Входы HDMI x 1, DVI x 1,  VGA x 1, Display Port x 1,  ""Composite Video"" x 1,  RS-232C x 1, Выходы DVI x 1,  RS-232C x 1 , режим работы  24/7.VESA 200х200 , вес:9.1 кг.",,?
2577880,104090.0,RUR,Профессиональные ЖК панели,NEC,Профессиональные ЖК панели NEC NEC MultiSync V323-2 PG,"NEC MultiSync V323-2 PG Защищенное стекло,Отдельностоящая, 32"", Разрешение: 1366x768 , яркость:300 нит, контрастность: 3000  , Входы HDMI x 1, DVI x 1, VGA x 1,Display Port x 1RS-232C x 1,Выходы DVI x 1, RS-232C x 1 , режим работы 24/7.VESA 200х200, вес:14.0 кг",,?
2577875,87085.0,RUR,Профессиональные ЖК панели,NEC,Профессиональные ЖК панели NEC NEC MultiSync V423,"NEC MultiSync V423 Отдельностоящая, 42"", Разрешение: 1920x1080  , яркость:450 нит, контрастность: 1300  , Входы HDMI x 1, DVI x 1,  VGA x 1, Display Port x 1,  ""Composite Video"" x 1,  RS-232C x 1, Выходы DVI x 1,  RS-232C x 1 , режим работы  24/7.VESA 300х300 , вес:16.8 кг",,?
2577919,178437.0,RUR,Профессиональные ЖК панели,NEC,Профессиональные ЖК панели NEC NEC MultiSync V423 TM-2,"NEC MultiSync V423 TM-2 Интерактивная, 42"", 5 касаний, Разрешение: 1920x1080 , яркость:430 нит, контрастность: 1300  Вход HDMI x 1, Вход DVI x 1, Вход VGA x 1, Вход Display Port x 1, Вход RS-232C x 2 , Выход DVI x 1, Выход VGA x 1 , режим работы 16/7.VESA 300х300, вес:24.7 кг",,?
2577876,132150.0,RUR,Профессиональные ЖК панели,NEC,Профессиональные ЖК панели NEC NEC MultiSync V463,"NEC MultiSync V463 Отдельностоящая, 46"", Разрешение: 1920x1080  , яркость:500 нит, контрастность: 4000  ,Входы HDMI x 1, DVI x 1,  VGA x 1, Display Port x 1,  ""Composite Video"" x 1,  RS-232C x 1, Выходы DVI x 1,  RS-232C x 1  , режим работы 24/7.VESA 300х300 , вес:18.9 кг",,?
2577920,253155.0,RUR,Профессиональные ЖК панели,NEC,Профессиональные ЖК панели NEC NEC MultiSync V463 TM-2,"NEC MultiSync V463 TM-2 Интерактивная, 46"", 5 касаний, Разрешение: 1920x1080 , яркость:430 нит, контрастность: 1300  Вход HDMI x 1, Вход DVI x 1, Вход VGA x 1, Вход Display Port x 1, Вход RS-232C x 2 , Выход DVI x 1, Выход VGA x 1 , режим работы 16/7.VESA 300х300, вес:26.7 кг",,?
2577877,171826.0,RUR,Профессиональные ЖК панели,NEC,Профессиональные ЖК панели NEC NEC MultiSync V552,"NEC MultiSync V552 Отдельностоящая, 55"", Разрешение: 1920x1080  , яркость:450 нит, контрастность: 4000  , Входы HDMI x 1, DVI x 1,  VGA x 1, Display Port x 1,  ""Composite Video"" x 1,  RS-232C x 1, Выходы DVI x 1,  RS-232C x 1  , режим работы 24/7.VESA 300х300 , вес:27.5 кг",,?
2577921,324300.0,RUR,Профессиональные ЖК панели,NEC,Профессиональные ЖК панели NEC NEC MultiSync V552 TM,"NEC MultiSync V552 TM Интерактивная, 55"", 6 касаний, Разрешение: 1920x1080 , яркость:450 нит, контрастность: 4000  Вход HDMI x 1, Вход DVI x 1, Вход VGA x 1, Вход Display Port x 1, Вход RS-232C x 2 , Выход DVI x 1, Выход VGA x 1 , режим работы 16/7.VESA 300х300, вес:40.8 кг",,?
2577878,343710.0,RUR,Профессиональные ЖК панели,NEC,Профессиональные ЖК панели NEC NEC MultiSync V652,"NEC MultiSync V652 Отдельностоящая, 65"", Разрешение: 1920x1080  , яркость:450 нит, контрастность: 4000  , Входы HDMI x 1, DVI x 1,  VGA x 1, Display Port x 1,  ""Composite Video"" x 1,  RS-232C x 1, Выходы DVI x 1,  RS-232C x 1  , режим работы 24/7.VESA 400х400 , вес:52.0 кг",,?
2577922,410840.0,RUR,Профессиональные ЖК панели,NEC,Профессиональные ЖК панели NEC NEC MultiSync V652 TM,"NEC MultiSync V652 TM Интерактивная, 65"", 5 касаний, Разрешение: 1920x1080 , яркость:450 нит, контрастность: 4000:1  Вход HDMI x 1, Вход DVI x 1, Вход VGA x 1, Вход Display Port x 1, Вход RS-232C x 2 , Выход DVI x 1, Выход VGA x 1 , режим работы 16/7.VESA 400х400, вес:68.3 кг",,?
2577879,910455.0,RUR,Профессиональные ЖК панели,NEC,Профессиональные ЖК панели NEC NEC MultiSync V801,"NEC MultiSync V801 Отдельностоящая, 80"", Разрешение: 1920x1080  , яркость:460 нит, контрастность: 5000  , Входы HDMI x 1, DVI x 1,  VGA x 1, Display Port x 1,  ""Composite Video"" x 1,  RS-232C x 1, Выходы DVI x 1,  RS-232C x 1  , режим работы 24/7.VESA 400х400 , вес:60.0 кг",,?
2577923,1148800.0,RUR,Профессиональные ЖК панели,NEC,Профессиональные ЖК панели NEC NEC MultiSync V801 TM,"NEC MultiSync V801 TM Интерактивная, 80"", 5 касаний, Разрешение: 1920x1080 , яркость:460 нит, контрастность: 5000  Вход HDMI x 1, Вход DVI x 1, Вход VGA x 1, Вход Display Port x 1, Вход RS-232C x 2 , Выход DVI x 1, Выход VGA x 1 , режим работы 16/7.VESA 400х400, вес:79.9 кг",,?
2577891,153195.0,RUR,Профессиональные ЖК панели,NEC,Профессиональные ЖК панели NEC NEC MultiSync X401S,"NEC MultiSync X401S Отдельностоящая, 40"", Разрешение: 1920x1080 , яркость:700 нит, контрастность: 3500  , Входы HDMI x 1, DVI x 1, VGA x 1, Display Port x 1, ""Composite Video"" x 1, RS-232C x 1, Выходы DVI x 1, RS-232C x 1  , режим работы 24/7.VESA 300х300, вес:14.9 кг",,?
2577892,129750.0,RUR,Профессиональные ЖК панели,NEC,Профессиональные ЖК панели NEC NEC MultiSync X462S,"NEC MultiSync X462S Отдельностоящая, 46"", Разрешение: 1920x1080 , яркость:700 нит, контрастность: 4000  , Входы HDMI x 1, DVI x 1, VGA x 1, Display Port x 1, ""Composite Video"" x 1, RS-232C x 1, Выходы DVI x 1, RS-232C x 1  , режим работы 24/7.VESA 300х300, вес:20.7 кг",,?
2577899,316060.0,RUR,Профессиональные ЖК панели,NEC,Профессиональные ЖК панели NEC NEC MultiSync X464UNS,"NEC MultiSync X464UNS Для видеостен, общий стык 3.5 мм, 46"", Разрешение: 1920x1080 , яркость:700 нит, контрастность: 3500:1  , Входы HDMI x 1,DVI x 1, VGA x 1, Display Port x 1,Выходы Display Port x 1 , режим работы 24/7.VESA 400х400, вес:20.4 кг",,?
2577895,198270.0,RUR,Профессиональные ЖК панели,NEC,Профессиональные ЖК панели NEC NEC MultiSync X464UNV-2,"NEC MultiSync X464UNV-2 Для видеостен, общий стык 5.6 мм, 46"", Разрешение: 1920x1080 , яркость:500 нит, контрастность: 3500:1  , Входы HDMI x 1,DVI x 1, VGA x 1, Display Port x 1, Выходы Display Port x 1 , режим работы 24/7.VESA 300х300, вес:24.3 кг",,?
2577908,363540.0,RUR,Профессиональные ЖК панели,NEC,Профессиональные ЖК панели NEC NEC MultiSync X474HB,"NEC MultiSync X474HB Отдельностоящая,высокояркая 47"", Разрешение: 1920x1080  , яркость:2000 нит, контрастность: 1300  , Вход HDMI x 1, Вход DVI x 1, Вход VGA x 1, Вход Display Port x 1, Вход RS-232C x 1 , Выходы DVI x 1 , режим работы 24/7.VESA 300х300 , вес:26.9 кг",,?
2577904,321470.0,RUR,Профессиональные ЖК панели,NEC,Профессиональные ЖК панели NEC NEC MultiSync X551UHD,"NEC MultiSync X551UHD 4K, Отдельностоящая , 55"", Разрешение: 3840x2160 , яркость:500 нит, контрастность: 4000  , Вход HDMI x 4, Вход DVI x 2, Вход Display Port x 1, Вход RS-232C x 1   , режим работы 24/7.VESA 400х400 , вес:27.0 кг",,?
2577925,833655.0,RUR,Профессиональные ЖК панели,NEC,Профессиональные ЖК панели NEC NEC MultiSync X551UHD IGT,"NEC MultiSync X551UHD IGT Интерактивная, 55"", 10 касаний, Разрешение: 3840x2160  , яркость:450 нит, контрастность: 1300  , Входы HDMI x 4, DVI x 2, Display Port x 1, RS-232C x 1 , режим работы 24/7.VESA 400х400, вес:46.0 кг.Для настольной эксплуатации.",,?
2577893,203070.0,RUR,Профессиональные ЖК панели,NEC,Профессиональные ЖК панели NEC NEC MultiSync X552S,"NEC MultiSync X552S Отдельностоящая, 55"", Разрешение: 1920x1080 , яркость:700 нит, контрастность: 4000  , Входы HDMI x 1, DVI x 1, VGA x 1, Display Port x 1, ""Composite Video"" x 1, RS-232C x 1, Выходы DVI x 1, RS-232C x 1  , режим работы 24/7.VESA 300х300, вес:24.7 кг",,?
2577909,480140.0,RUR,Профессиональные ЖК панели,NEC,Профессиональные ЖК панели NEC NEC MultiSync X554HB,"NEC MultiSync X554HB Отдельностоящая,высокояркая 55"", Разрешение: 1920x1080 , яркость:2700 нит, контрастность: 5000:1  , Вход HDMI x 1, Вход DVI x 1, Вход VGA x 1, Вход Display Port x 1, Вход RS-232C x 1 , Выход Display Port x 1, режим работы 24/7.VESA 400х400 , вес:32.6 кг",,?
2577900,509350.0,RUR,Профессиональные ЖК панели,NEC,Профессиональные ЖК панели NEC NEC MultiSync X554UNS,"NEC MultiSync X554UNS Для видеостен, общий стык 3.5 мм, 55"", Разрешение: 1920x1080 , яркость:700 нит, контрастность: 3500:1  , Входы HDMI x 1,DVI x 1, VGA x 1, Display Port x 1, Выходы Display Port x 1 ,RS-232C x 1 , режим работы 24/7.VESA 400х400, вес:27.9 кг",,?
2577896,287800.0,RUR,Профессиональные ЖК панели,NEC,Профессиональные ЖК панели NEC NEC MultiSync X554UNV,"NEC MultiSync X554UNV Для видеостен, общий стык 3.5 мм, 55"", Разрешение: 1920x1080 , яркость:500 нит, контрастность: 4000:1  , Входы HDMI x 1,DVI x 1, VGA x 1, Display Port x 1, Выходы Display Port x 1 ,RS-232C x 1 , режим работы 24/7.VESA 400х400, вес:25.9 кг",,?
2577901,446480.0,RUR,Профессиональные ЖК панели,NEC,Профессиональные ЖК панели NEC NEC MultiSync X555UNS,"NEC MultiSync X555UNS Для видеостен, общий стык 3.5 мм, 55"", Разрешение: 1920x1080 ,яркость:700 нит, контрастность: 1200:1, Входы HDMI x 1,DVI x 1, VGA x 1, Display Port x 1, Выход DVI x 1, Выход Display Port x 1, Выход RS-232C x 1, режим работы 24/7.VESA 400х400, вес:30.3 кг",,?
2577902,699556.0,RUR,Профессиональные ЖК панели,NEC,Профессиональные ЖК панели NEC NEC MultiSync X555UNS PG,"NEC MultiSync X555UNS PG Для видеостен,закаленное стекло общий стык 3.5 мм, 55"",Разрешение:1920x1080,яркость:700 нит, контрастность:1200:1, Входы HDMI x 1,DVI x 1, VGA x 1, Display Port x 1, Выходы DVI x 1,Display Port x 1,RS-232C x 1, режим работы 24/7.VESA 400х400, вес:33.3 кг",,?
2577897,287800.0,RUR,Профессиональные ЖК панели,NEC,Профессиональные ЖК панели NEC NEC MultiSync X555UNV,"NEC MultiSync X555UNV Для видеостен, общий стык 3.5 мм, 55"", Разрешение: 1920x1080 , яркость:500 нит, контрастность: 1200:1  , Входы HDMI x 1,DVI x 1, VGA x 1, Display Port x 1, Выходы Display Port x 1 ,RS-232C x 1 , режим работы 24/7. VESA 400х400, вес:29.5 кг",,?
2577905,953426.0,RUR,Профессиональные ЖК панели,NEC,Профессиональные ЖК панели NEC NEC MultiSync X651UHD-2,"NEC MultiSync X651UHD-2 4K,Отдельностоящая, 65"", Разрешение: 3840x2160 , яркость:450 нит, контрастность: 1300 , Вход HDMI x 4, Вход DVI x 2, Вход Display Port x 1, Вход RS-232C x 1,Выход RS-232C x 1, режим работы 24/7.VESA 400х400 , вес:41.0 кг",,?
2577924,953426.0,RUR,Профессиональные ЖК панели,NEC,Профессиональные ЖК панели NEC NEC MultiSync X651UHD-2 IGT,"NEC MultiSync X651UHD-2 IGT Интерактивная, 65"", 10 касаний, Разрешение: 3840x2160  , яркость:450 нит, контрастность: 1300  , Входы HDMI x 4, DVI x 2, Display Port x 1, RS-232C x 1 , режим работы 24/7.VESA 400х400, вес:55.0 кг.Для настольной эксплуатации.",,?
2577910,1227783.0,RUR,Профессиональные ЖК панели,NEC,Профессиональные ЖК панели NEC NEC MultiSync X754HB,"NEC MultiSync X754HB Отдельностоящая,высокояркая 75"",Разрешение:1920x1080,яркость:2500 нит, контрастность: 5000:1,Входы HDMI x 1,DVI x 1, VGA x 1, Display Port x 1, RS-232C x 1  , Выходы DVI x 1, VGA x 1,RS-232C x 1,режим работы 24/7.VESA 400х400 , вес:62.0 кг",,?
2577907,1150000.0,RUR,Профессиональные ЖК панели,NEC,Профессиональные ЖК панели NEC NEC MultiSync X841UHD-2,"NEC MultiSync X841UHD-2 4K,Отдельностоящая, 84"", Разрешение: 3840x2160 , яркость:450 нит, контрастность: 1300 , Вход HDMI x 4, Вход DVI x 2, Вход Display Port x 1, Вход RS-232C x 1,Выход RS-232C x 1, режим работы 24/7.VESA 400х400 , вес:76.0 кг",,?
2577906,2644000.0,RUR,Профессиональные ЖК панели,NEC,Профессиональные ЖК панели NEC NEC MultiSync X981UHD-2,"NEC MultiSync X981UHD-2 4K,Отдельностоящая, 98"", Разрешение: 3840x2160 , яркость:450 нит, контрастность: 1300 , Вход HDMI x 4, Вход DVI x 2, Вход Display Port x 1, Вход RS-232C x 1,Выход RS-232C x 1, режим работы 24/7.VESA 400х400 , вес:95.0 кг",,?
2576639,55600.0,RUR,Профессиональные ЖК панели,PHILIPS,Профессиональные ЖК панели PHILIPS PHILIPS BDL3220QL/00,"PHILIPS BDL3220QL/00 32"" 1920х1080, 350кд/м2, 3000:1, 6,5мс, DVI, HDMI, USB, VGA, RG45, RS232C, рамка 19мм, VESA 200х100",,?
2576644,77529.0,RUR,Профессиональные ЖК панели,PHILIPS,Профессиональные ЖК панели PHILIPS PHILIPS BDL3260EL/00,"PHILIPS BDL3260EL/00 24/7 , 32"" , 1920 x 1080 ,360  кд/м ,1400:1 ,2 x 10 Вт , VESA 400 x 200 , толщина рамки 24,4 мм ,Вес: 11,4 HTML5 browser",,?
2576640,77529.0,RUR,Профессиональные ЖК панели,PHILIPS,Профессиональные ЖК панели PHILIPS PHILIPS BDL4220QL/00,"PHILIPS BDL4220QL/00 42"" 1920х1080, 350кд, 3000:1, 6,5мс ,DVI-D, HDMI, VGA (аналоговый D-Sub), USB, Компонентный (RCA), Композитный (RCA),RJ45, Разъем RS232C (вход/выход) 2,5 мм, Разъем IR (вход/выход) 3,5 мм",,?
2576645,93900.0,RUR,Профессиональные ЖК панели,PHILIPS,Профессиональные ЖК панели PHILIPS PHILIPS BDL4235DL/00,"PHILIPS BDL4235DL/00 24/7 , 42"" , 1920 x 1080 ,360  кд/м ,1400:1 ,2 x 10 Вт , VESA 400 x 200 , толщина рамки 24,4 мм ,Вес: 11,4 HTML5 browser",,?
2576659,227953.0,RUR,Профессиональные ЖК панели,PHILIPS,Профессиональные ЖК панели PHILIPS PHILIPS BDL4254ET/00,"PHILIPS BDL4254ET/00 Multi-Touch , 5 касаний , 42"" , 1920 x 1080 ,450  кд/м ,1300:1 ,2 x 10 Вт , VESA 400 x 400 , толщина рамки 19,5 мм ,Вес: 24,4 кг ,OPS",,?
2576646,118455.0,RUR,Профессиональные ЖК панели,PHILIPS,Профессиональные ЖК панели PHILIPS PHILIPS BDL4260EL/00,"PHILIPS BDL4260EL/00 24/7 , 42"" , 1920 x 1080 ,450  кд/м ,1300:1 ,2 x 10 Вт , VESA 400 x 200 , толщина рамки 15,8 мм ,Вес: 18,3 кг, OPS",,?
2576650,134826.0,RUR,Профессиональные ЖК панели,PHILIPS,Профессиональные ЖК панели PHILIPS PHILIPS BDL4280VL/00,"PHILIPS BDL4280VL/00 24/7 , 42"" , 1920 x 1080 ,700  кд/м ,1300:1 ,2 x 10 Вт , VESA 400 x 200 , толщина рамки 15,8 мм ,Вес: 18,3 кг, OPS, HTML5 browser",,?
2577873,86955.0,RUR,Профессиональные ЖК панели,PHILIPS,Профессиональные ЖК панели PHILIPS PHILIPS BDL4330QL/00,"PHILIPS BDL4330QL/00 43"" 16:9, 1920x1080 FullHD, 350cd/m2, 3000:1, 178град, 6.5мс, прямая светодиодная подсветка, воспроизведение",,?
2576641,102085.0,RUR,Профессиональные ЖК панели,PHILIPS,Профессиональные ЖК панели PHILIPS PHILIPS BDL4620QL/00,"PHILIPS BDL4620QL/00 46"" 1920 x 1080, Время реакции: 8 мсек, Углы обзора: 178/178, Яркость: 350 кд/м2, Контраст: 4000 :1, Интерфейс: D-sub DVI-D USB RJ-45 HDMI Компонентный Композитный S/PDIF RS-232",,?
2576647,155367.0,RUR,Профессиональные ЖК панели,PHILIPS,Профессиональные ЖК панели PHILIPS PHILIPS BDL4660EL/00,"PHILIPS BDL4660EL/00 24/7 , 46"" , 1920 x 1080 ,500  кд/м ,4000:1 ,2 x 10 Вт , VESA 400 x 200 , толщина рамки 15,8 мм ,Вес: 22  HTML5 browser",,?
2576655,452200.0,RUR,Профессиональные ЖК панели,PHILIPS,Профессиональные ЖК панели PHILIPS PHILIPS BDL4677XH/00,"PHILIPS BDL4677XH/00 для видеостен, 46"", 1920 x 1080 ,700  кд/м ,3500:1 ,Ширина рамки (Л/В, П/Н)3,8 мм, 1,9 мм, 2 x 10 Вт, вес:23 кг ,OPS",,?
2576654,312834.0,RUR,Профессиональные ЖК панели,PHILIPS,Профессиональные ЖК панели PHILIPS PHILIPS BDL4678XL/00,"PHILIPS BDL4678XL/00 для видеостен, 46"", 1920 x 1080 ,500  кд/м ,3500:1 ,Ширина рамки (Л/В, П/Н)3,8 мм, 1,9 мм, 2 x 10 Вт, вес:23 кг ,OPS",,?
2576648,171583.0,RUR,Профессиональные ЖК панели,PHILIPS,Профессиональные ЖК панели PHILIPS PHILIPS BDL4765EL/00,"PHILIPS BDL4765EL/00 24/7 , 47"" , 1920 x 1080 ,500  кд/м ,1500:1 ,2 x 10 Вт , VESA 400 x 400 , толщина рамки 9,9 мм ,Вес: 19,9 кг, OPS, HTML5 browser",,?
2576656,330296.0,RUR,Профессиональные ЖК панели,PHILIPS,Профессиональные ЖК панели PHILIPS PHILIPS BDL4777XL/00,"PHILIPS BDL4777XL/00 NEW! для видеостен, 47"", 1920 x 1080 ,500  кд/м ,1400:1 ,Ширина рамки (Л/В, П/Н)?, 2 x 10 Вт, вес:24.5 кг ,OPS",,?
2576642,162741.0,RUR,Профессиональные ЖК панели,PHILIPS,Профессиональные ЖК панели PHILIPS PHILIPS BDL5520QL/00,"PHILIPS BDL5520QL/00 55"" 1920х1080, 350кд, 3000:1, 6,5мс ,DVI-D, HDMI, VGA (аналоговый D-Sub), USB, Компонентный (RCA), Композитный (RCA),RJ45, Разъем RS232C (вход/выход) 2,5 мм, Разъем IR (вход/выход) 3,5 мм",,?
2576660,309652.0,RUR,Профессиональные ЖК панели,PHILIPS,Профессиональные ЖК панели PHILIPS PHILIPS BDL5556ET/00,"PHILIPS BDL5556ET/00 Multi-Touch , 5 касаний , 55"" , 1920 x 1080 ,450  кд/м ,1300:1 ,2 x 10 Вт , VESA 400 x 400 , толщина рамки 19,5 мм ,Вес: 43 кг ,OPS",,?
2576649,232896.0,RUR,Профессиональные ЖК панели,PHILIPS,Профессиональные ЖК панели PHILIPS PHILIPS BDL5560EL/00,"PHILIPS BDL5560EL/00 24/7 , 47"" , 1920 x 1080 ,450  кд/м ,1300:1 ,2 x 10 Вт , VESA 400 x 400 , толщина рамки 15,8 мм ,Вес: 30,1 кг, OPS, HTML5 browser",,?
2576652,244170.0,RUR,Профессиональные ЖК панели,PHILIPS,Профессиональные ЖК панели PHILIPS PHILIPS BDL5580VL/00,"PHILIPS BDL5580VL/00 24/7 , 55"" , 1920 x 1080 ,700  кд/м ,1300:1 ,2 x 10 Вт , VESA 400 x 400 , толщина рамки 15,8 мм ,Вес: 30,1 кг, OPS, HTML5 browser",,?
2576658,609029.0,RUR,Профессиональные ЖК панели,PHILIPS,Профессиональные ЖК панели PHILIPS PHILIPS BDL5588XH/00,"PHILIPS BDL5588XH/00 для видеостен, 55"", 1920 x 1080 ,700  кд/м ,1400:1 , Общий стык: 3,5 мм, 2 x 10 Вт, вес:29,2 кг ,OPS",,?
2576657,521884.0,RUR,Профессиональные ЖК панели,PHILIPS,Профессиональные ЖК панели PHILIPS PHILIPS BDL5588XL/00,"PHILIPS BDL5588XL/00 для видеостен, 55"", 1920 x 1080 ,500  кд/м ,1400:1 , Общий стык: 3,5 мм, 2 x 10 Вт, вес:29,2 кг ,OPS",,?
2576643,228000.0,RUR,Профессиональные ЖК панели,PHILIPS,Профессиональные ЖК панели PHILIPS PHILIPS BDL6520QL/00,"PHILIPS BDL6520QL/00 65"" 1920х1080,360кд/м2,3000:1,8мс,DVI,HDMI,VGA,RG45,RS232C,рамка 59мм,VESA 600х400",,?
2576661,374980.0,RUR,Профессиональные ЖК панели,PHILIPS,Профессиональные ЖК панели PHILIPS PHILIPS BDL6526QT/00,"PHILIPS BDL6526QT/00 Multi-Touch , 5 касаний , 65"" , 1920 x 1080 ,360  кд/м ,4000:1 ,2 x 10 Вт , VESA 400 x 400 , толщина рамки 19,5 мм ,Вес: 66 кг ,OPS",,?
2576653,1387829.0,RUR,Профессиональные ЖК панели,PHILIPS,Профессиональные ЖК панели PHILIPS PHILIPS BDL8470EU/00,"PHILIPS BDL8470EU/00 84"" Edge LED Backlight, Ultra HD 4K Display",,?
2577522,228275.0,RUR,Профессиональные ЖК панели,SAMSUNG,Профессиональные ЖК панели SAMSUNG SAMSUNG BM37E,"SAMSUNG BM37E Ультраширокий дисплей 37""",,?
2576580,28950.0,RUR,Профессиональные ЖК панели,SAMSUNG,Профессиональные ЖК панели SAMSUNG SAMSUNG DB10D,"SAMSUNG DB10D Проф.панель, 10"", SoC 2.0 *, встроенный Wi-Fi",,?
2577253,38650.0,RUR,Профессиональные ЖК панели,SAMSUNG,Профессиональные ЖК панели SAMSUNG SAMSUNG DB10E-POE,"SAMSUNG DB10E-POE Проф.панель, 10"", SoC 3.0 *, поддержка питания по POE+ интерфейсу",,?
2576939,42750.0,RUR,Профессиональные ЖК панели,SAMSUNG,Профессиональные ЖК панели SAMSUNG SAMSUNG DB10E-T,"SAMSUNG DB10E-T Проф.панель, 10"", SoC 3.0 *, встроенный Wi-Fi, встроенный емкостной сенсорный экран",,?
2577750,48150.0,RUR,Профессиональные ЖК панели,SAMSUNG,Профессиональные ЖК панели SAMSUNG SAMSUNG DB10E-TPOE,"SAMSUNG DB10E-TPOE Проф.панель, 10"", SoC 3.0 *, поддержка питания по POE+ интерфейсу, емкостной сенсорный экран",,?
2576581,31750.0,RUR,Профессиональные ЖК панели,SAMSUNG,Профессиональные ЖК панели SAMSUNG SAMSUNG DB22D-P,"SAMSUNG DB22D-P Проф.панель, 22"", SoC 2.0, встроенный Wi-Fi",,?
2576582,57000.0,RUR,Профессиональные ЖК панели,SAMSUNG,Профессиональные ЖК панели SAMSUNG SAMSUNG DB22D-T,"SAMSUNG DB22D-T Проф.панель, 22"", SoC 2.0, встроенный Wi-Fi, встроенный емкостной сенсорный экран",,?
2576809,53600.0,RUR,Профессиональные ЖК панели,SAMSUNG,Профессиональные ЖК панели SAMSUNG SAMSUNG DB32E,"SAMSUNG DB32E Проф.панель, яркость 350 нит, опциональные сменные декоративные рамки, SoC 3.0, встроенный Wi-Fi",,?
2576811,84500.0,RUR,Профессиональные ЖК панели,SAMSUNG,Профессиональные ЖК панели SAMSUNG SAMSUNG DB40E,"SAMSUNG DB40E 40"", Разрешение 1920 x 1080 пикселей, Формат экрана 16:9, Контрастность: 5000:1, Яркость 350 кд/м2, Время отклика: 8 мс",,?
2578448,86300.0,RUR,Профессиональные ЖК панели,SAMSUNG,Профессиональные ЖК панели SAMSUNG SAMSUNG DB43J,"SAMSUNG DB43J Проф.панель, яркость 300 нит,  контрастность 3000:1 , Режим работы16/7, Входные разъемы HDMI x 2, DVI x 1, RS-232C x 1, Выход RS-232C x 1 ,VESA 200х200 ,вес: 7.9 кг.",,?
2576814,102888.0,RUR,Профессиональные ЖК панели,SAMSUNG,Профессиональные ЖК панели SAMSUNG SAMSUNG DB48E,"SAMSUNG DB48E 48"", Разрешение 1920 x 1080 пикселей, Формат экрана 16:9, Контрастность: 5000:1, Яркость 350 кд/м2, Время отклика: 8 мс",,?
2576819,148550.0,RUR,Профессиональные ЖК панели,SAMSUNG,Профессиональные ЖК панели SAMSUNG SAMSUNG DB55E,"SAMSUNG DB55E 55"", Разрешение 1920 x 1080 пикселей, Формат экрана 16:9, Контрастность: 5000:1, Яркость 350 кд/м2, Время отклика: 8 мс",,?
2577256,44000.0,RUR,Профессиональные ЖК панели,SAMSUNG,Профессиональные ЖК панели SAMSUNG SAMSUNG DC32E,"SAMSUNG DC32E Проф.панель, яркость 350 нит, опциональные сменные декоративные рамки, базовое воспроизведение контента ( USB, MI Lite)",,?
2577463,57152.0,RUR,Профессиональные ЖК панели,SAMSUNG,Профессиональные ЖК панели SAMSUNG SAMSUNG DC32E-M,"SAMSUNG DC32E-M Проф.панель, яркость 450 нит, 24/7, опциональные сменные декоративные рамки, базовое воспроизведение контента ( USB, MI Lite)",,?
2577257,75750.0,RUR,Профессиональные ЖК панели,SAMSUNG,Профессиональные ЖК панели SAMSUNG SAMSUNG DC40E,"SAMSUNG DC40E Проф.панель, яркость 350 нит, опциональные сменные декоративные рамки, базовое воспроизведение контента ( USB, MI Lite)",,?
2577465,91425.0,RUR,Профессиональные ЖК панели,SAMSUNG,Профессиональные ЖК панели SAMSUNG SAMSUNG DC40E-M,"SAMSUNG DC40E-M Проф.панель, яркость 450 нит, 24/7, опциональные сменные декоративные рамки, базовое воспроизведение контента ( USB, MI Lite)",,?
2577258,94350.0,RUR,Профессиональные ЖК панели,SAMSUNG,Профессиональные ЖК панели SAMSUNG SAMSUNG DC48E,"SAMSUNG DC48E Проф.панель, яркость 350 нит, опциональные сменные декоративные рамки, базовое воспроизведение контента ( USB, MI Lite)",,?
2577466,122475.0,RUR,Профессиональные ЖК панели,SAMSUNG,Профессиональные ЖК панели SAMSUNG SAMSUNG DC48E-M,"SAMSUNG DC48E-M Проф.панель, яркость 450 нит, 24/7, опциональные сменные декоративные рамки, базовое воспроизведение контента ( USB, MI Lite)",,?
2577260,136600.0,RUR,Профессиональные ЖК панели,SAMSUNG,Профессиональные ЖК панели SAMSUNG SAMSUNG DC55E,"SAMSUNG DC55E Проф.панель, яркость 350 нит, опциональные сменные декоративные рамки, базовое воспроизведение контента ( USB, MI Lite)",,?
2577467,172385.0,RUR,Профессиональные ЖК панели,SAMSUNG,Профессиональные ЖК панели SAMSUNG SAMSUNG DC55E-M,"SAMSUNG DC55E-M Проф.панель, яркость 450 нит, 24/7, опциональные сменные декоративные рамки, базовое воспроизведение контента ( USB, MI Lite)",,?
2576813,119800.0,RUR,Профессиональные ЖК панели,SAMSUNG,Профессиональные ЖК панели SAMSUNG SAMSUNG DH40E,"SAMSUNG DH40E 40'' D-LED BLU, 1920 x 1080, 5000:1, 16:9, 8 ms, 700 cd/m, VGA/DVI-D/Display Port/HDMI/RJ45, Wi-Fi, SD Card Slot, 2 x 10W, VESA 200 x 200",,?
2576815,148450.0,RUR,Профессиональные ЖК панели,SAMSUNG,Профессиональные ЖК панели SAMSUNG SAMSUNG DH48E,"SAMSUNG DH48E Проф.панель, яркость 700 нит, опциональные сменные декоративные рамки, SoC 2.0, встроенный Wi-Fi, 24/7",,?
2576808,217700.0,RUR,Профессиональные ЖК панели,SAMSUNG,Профессиональные ЖК панели SAMSUNG SAMSUNG DH55E,"SAMSUNG DH55E Проф.панель, яркость 700 нит, опциональные сменные декоративные рамки, SoC 2.0, встроенный Wi-Fi, 24/7",,?
2576810,58750.0,RUR,Профессиональные ЖК панели,SAMSUNG,Профессиональные ЖК панели SAMSUNG SAMSUNG DM32E,"SAMSUNG DM32E Проф.панель, яркость 450 нит, опциональные сменные декоративные рамки, SoC 2.0, встроенный Wi-Fi, 24/7",,?
2576812,97000.0,RUR,Профессиональные ЖК панели,SAMSUNG,Профессиональные ЖК панели SAMSUNG SAMSUNG DM40E,"SAMSUNG DM40E Проф.панель, яркость 450 нит, опциональные сменные декоративные рамки, SoC 2.0, встроенный Wi-Fi, 24/7",,?
2576806,128200.0,RUR,Профессиональные ЖК панели,SAMSUNG,Профессиональные ЖК панели SAMSUNG SAMSUNG DM48E,"SAMSUNG DM48E Проф.панель, яркость 450 нит, опциональные сменные декоративные рамки, SoC 2.0, встроенный Wi-Fi, 24/7",,?
2576820,180750.0,RUR,Профессиональные ЖК панели,SAMSUNG,Профессиональные ЖК панели SAMSUNG SAMSUNG DM55E,"SAMSUNG DM55E Проф.панель, яркость 450 нит, опциональные сменные декоративные рамки, SoC 2.0, встроенный Wi-Fi, 24/7",,?
2576988,314955.0,RUR,Профессиональные ЖК панели,SAMSUNG,Профессиональные ЖК панели SAMSUNG SAMSUNG DM65E,"SAMSUNG DM65E Проф.панель, яркость 450 нит, SoC 2.0, встроенный Wi-Fi, 24/7",,?
2577532,554530.0,RUR,Профессиональные ЖК панели,SAMSUNG,Профессиональные ЖК панели SAMSUNG SAMSUNG DM65E-BC,"SAMSUNG DM65E-BC Проф.панель, SoC 3.0, встроенный Wi-Fi, 24/7, Full HD, встроенный сенсорный экран емкостного типа",,?
2577469,428355.0,RUR,Профессиональные ЖК панели,SAMSUNG,Профессиональные ЖК панели SAMSUNG SAMSUNG DM65E-BR,"SAMSUNG DM65E-BR Проф.панель, SoC 3.0, встроенный Wi-Fi, 24/7, Full HD, встроенный сенсорный экран",,?
2577135,502250.0,RUR,Профессиональные ЖК панели,SAMSUNG,Профессиональные ЖК панели SAMSUNG SAMSUNG DM75E,"SAMSUNG DM75E Проф.панель, яркость 450 нит, SoC 2.0, встроенный Wi-Fi, 24/7",,?
2577262,553600.0,RUR,Профессиональные ЖК панели,SAMSUNG,Профессиональные ЖК панели SAMSUNG SAMSUNG DM75E-BR,"SAMSUNG DM75E-BR Проф.панель, SoC 3.0, встроенный Wi-Fi, 24/7, Full HD, встроенный сенсорный экран",,?
2576915,645100.0,RUR,Профессиональные ЖК панели,SAMSUNG,Профессиональные ЖК панели SAMSUNG SAMSUNG DM82D,"SAMSUNG DM82D 82""  Проф.панель, SoC 2.0, встроенный Wi-Fi, 24/7, Full HD",,?
2577534,995037.0,RUR,Профессиональные ЖК панели,SAMSUNG,Профессиональные ЖК панели SAMSUNG SAMSUNG DM82E-BM,"SAMSUNG DM82E-BM Проф.панель, SoC 3.0, встроенный Wi-Fi, 24/7, Full HD, встроенный сенсорный экран комбинированного типа",,?
2576823,855150.0,RUR,Профессиональные ЖК панели,SAMSUNG,Профессиональные ЖК панели SAMSUNG SAMSUNG DM82E-BR,"SAMSUNG DM82E-BR Проф.панель, SoC 3.0, встроенный Wi-Fi, 24/7, Full HD, встроенный сенсорный экран",,?
2577464,138000.0,RUR,Профессиональные ЖК панели,SAMSUNG,Профессиональные ЖК панели SAMSUNG SAMSUNG ML32E,"SAMSUNG ML32E Зеркальный дисплей 32"", SoC 3.0, Коэффициент отражения- 55%",,?
2577468,287500.0,RUR,Профессиональные ЖК панели,SAMSUNG,Профессиональные ЖК панели SAMSUNG SAMSUNG ML55E,"SAMSUNG ML55E Зеркальный дисплей 55"", SoC 3.0, Коэффициент отражения- 55%",,?
2577255,196250.0,RUR,Профессиональные ЖК панели,SAMSUNG,Профессиональные ЖК панели SAMSUNG SAMSUNG OH24E,"SAMSUNG OH24E Всепогодное решение (сверхвысокая яркость 1500 нит, SoC 3.0, IP56, темп.режим -30/+50, встр.защитное стекло, возможность настенного крепления)",,?
2576818,614850.0,RUR,Профессиональные ЖК панели,SAMSUNG,Профессиональные ЖК панели SAMSUNG SAMSUNG OH46D-K,"SAMSUNG OH46D-K Всепогодное решение (сверхвысокая яркость 3000 нит, тонкий стык, SoC, встроенный HD BaseT ресивер, IP56, темп.режим -30/+50), встр.защитное стекло, возм",,?
2576822,867700.0,RUR,Профессиональные ЖК панели,SAMSUNG,Профессиональные ЖК панели SAMSUNG SAMSUNG OH55D-K,"SAMSUNG OH55D-K Всепогодное решение (сверхвысокая яркость 2500 нит, тонкий стык, SoC, встроенный HD BaseT ресивер, IP56, темп.режим -30/+50), встр.защитное стекло, возм",,?
2577756,2255150.0,RUR,Профессиональные ЖК панели,SAMSUNG,Профессиональные ЖК панели SAMSUNG SAMSUNG OH75F,"SAMSUNG OH75F Всепогодное решение (сверхвысокая яркость 2500 нит, SoC, встроенный HD BaseT ресивер, IP56, темп.режим -30/+50), встр.защитное стекло, возможность настенного крепления, встроенный блок питания)",,?
2577254,129200.0,RUR,Профессиональные ЖК панели,SAMSUNG,Профессиональные ЖК панели SAMSUNG SAMSUNG OM24E,"SAMSUNG OM24E Semi-Outdoor (сверхвысокая яркость 1500 нит, 24"", SoC 3.0, Wi-Fi)",,?
2576586,278950.0,RUR,Профессиональные ЖК панели,SAMSUNG,Профессиональные ЖК панели SAMSUNG SAMSUNG OM46D-K,"SAMSUNG OM46D-K Матрица для всепогодных решений (сверхвысокая яркость 2500 нит, тонкий стык, SoC 2.0, Wi-Fi)",,?
2576587,295200.0,RUR,Профессиональные ЖК панели,SAMSUNG,Профессиональные ЖК панели SAMSUNG SAMSUNG OM46D-W,"SAMSUNG OM46D-W Semi-Outdoor (сверхвысокая яркость 2500 нит, тонкий стык, SoC 2.0, Wi-Fi)",,?
2576588,394300.0,RUR,Профессиональные ЖК панели,SAMSUNG,Профессиональные ЖК панели SAMSUNG SAMSUNG OM55D-K,"SAMSUNG OM55D-K Матрица для всепогодных решений (сверхвысокая яркость 2500 нит, тонкий стык, SoC 2.0, Wi-Fi)",,?
2576589,414300.0,RUR,Профессиональные ЖК панели,SAMSUNG,Профессиональные ЖК панели SAMSUNG SAMSUNG OM55D-W,"SAMSUNG OM55D-W Semi-Outdoor (сверхвысокая яркость 2500 нит, тонкий стык, SoC 2.0, Wi-Fi)",,?
2576590,961100.0,RUR,Профессиональные ЖК панели,SAMSUNG,Профессиональные ЖК панели SAMSUNG SAMSUNG OM75D-K,"SAMSUNG OM75D-K Матрица для всепогодных решений (сверхвысокая яркость 2500 нит, тонкий стык, SoC 2.0, Wi-Fi",,?
2576591,1024700.0,RUR,Профессиональные ЖК панели,SAMSUNG,Профессиональные ЖК панели SAMSUNG SAMSUNG OM75D-W,"SAMSUNG OM75D-W Semi-Outdoor (сверхвысокая яркость 2500 нит, тонкий стык, SoC 2.0, Wi-Fi",,?
2577524,154675.0,RUR,Профессиональные ЖК панели,SAMSUNG,Профессиональные ЖК панели SAMSUNG SAMSUNG PH43F,"SAMSUNG PH43F Проф.панель, яркость 700 нит, сверхтонкий корпус 29,9мм, 24/7, SoC 4.0",,?
2578451,155300.0,RUR,Профессиональные ЖК панели,SAMSUNG,Профессиональные ЖК панели SAMSUNG SAMSUNG PH43F-P,"SAMSUNG PH43F-P Проф.панель, яркость 700 нит, контрастность: 3000:1, разрешение: 1920x 1080, режим работы: 24/7 , Входа HDMI x 2,DVI x 2,VGA x 1,Display Port x 2,RS-232C x 1, Выход:Display Port x 1, RS-232C x 1,VESA 200х200, Вес: 9,4",,?
2578436,155150.0,RUR,Профессиональные ЖК панели,SAMSUNG,Профессиональные ЖК панели SAMSUNG SAMSUNG PH43H,SAMSUNG PH43H new!,,?
2577526,201296.0,RUR,Профессиональные ЖК панели,SAMSUNG,Профессиональные ЖК панели SAMSUNG SAMSUNG PH49F,"SAMSUNG PH49F Проф.панель, яркость 700 нит, сверхтонкий корпус 29,9мм, 24/7, SoC 4.0",,?
2578452,194000.0,RUR,Профессиональные ЖК панели,SAMSUNG,Профессиональные ЖК панели SAMSUNG SAMSUNG PH49F-P,"SAMSUNG PH49F-P Проф.панель, яркость 700 нит, контрастность: 3000:1, разрешение: 1920x 1080 ,режим работы: 24/7 , Входа HDMI x 2,DVI x 2,VGA x 1,Display Port x 2,RS-232C x 1, Выход:Display Port x 1, RS-232C x 1,VESA 400х400, Вес: 13,2",,?
2577529,297156.0,RUR,Профессиональные ЖК панели,SAMSUNG,Профессиональные ЖК панели SAMSUNG SAMSUNG PH55F,"SAMSUNG PH55F Проф.панель, яркость 700 нит, сверхтонкий корпус 29,9мм, 24/7, SoC 4.0,",,?
2577521,86250.0,RUR,Профессиональные ЖК панели,SAMSUNG,Профессиональные ЖК панели SAMSUNG SAMSUNG PM32F,"SAMSUNG PM32F Проф.панель, яркость 400 нит, сверхтонкий корпус 29,9мм, 24/7, SoC 4.0",,?
2578457,143700.0,RUR,Профессиональные ЖК панели,SAMSUNG,Профессиональные ЖК панели SAMSUNG SAMSUNG PM32F-BC,"SAMSUNG PM32F-BC Интерактивная панель,  яркость 300 нит, контрастность: 5000:1, разрешение: 1920x 1080,режим работы: 16/7 , Входа HDMI x 2,DVI x 1,Display Port x 1,RS-232C x 1,Выход:Display Port x 1, RS-232C x 1,VESA 200х200, Вес: 9,9",,?
2577523,137425.0,RUR,Профессиональные ЖК панели,SAMSUNG,Профессиональные ЖК панели SAMSUNG SAMSUNG PM43F,"SAMSUNG PM43F Проф.панель, яркость 500 нит, сверхтонкий корпус 29,9мм, 24/7, SoC 4.0",,?
2578485,276508.0,RUR,Профессиональные ЖК панели,SAMSUNG,Профессиональные ЖК панели SAMSUNG SAMSUNG PM43F-BC,SAMSUNG PM43F-BC Описание в разработке,,?
2578437,109100.0,RUR,Профессиональные ЖК панели,SAMSUNG,Профессиональные ЖК панели SAMSUNG SAMSUNG PM43H,"SAMSUNG PM43H Проф.панель, яркость 500 нит, контрастность: 4000:1, разрешение: 1920x 1080,режим работы: 24/7 , Входа:HDMI x 2,DVI x 1,Display Port x 2, RS-232C x 1,Выход:Display Port x 1, RS-232C x 1,VESA 200х200, Вес: 9,5",,?
2577525,178825.0,RUR,Профессиональные ЖК панели,SAMSUNG,Профессиональные ЖК панели SAMSUNG SAMSUNG PM49F,"SAMSUNG PM49F Проф.панель, яркость 500 нит, сверхтонкий корпус 29,9мм, 24/7, SoC 4.0",,?
2578378,137800.0,RUR,Профессиональные ЖК панели,SAMSUNG,Профессиональные ЖК панели SAMSUNG SAMSUNG PM49H,"SAMSUNG PM49H Проф.панель, яркость 500 нит, контрастность: 4000:1,разрешение: 1920x 1080, режим работы: 24/7 , Входа:HDMI x 2,DVI x 1,Display Port x 2, RS-232C x 1,Выход:Display Port x 1, RS-232C x 1,VESA 400х400, Вес: 13.2",,?
2577528,271849.0,RUR,Профессиональные ЖК панели,SAMSUNG,Профессиональные ЖК панели SAMSUNG SAMSUNG PM55F,"SAMSUNG PM55F Проф.панель, яркость 500 нит, сверхтонкий корпус 29,9мм, 24/7, SoC 4.0",,?
2578486,386002.0,RUR,Профессиональные ЖК панели,SAMSUNG,Профессиональные ЖК панели SAMSUNG SAMSUNG PM55F-BC,SAMSUNG PM55F-BC Описание в разработке,,?
2578450,218400.0,RUR,Профессиональные ЖК панели,SAMSUNG,Профессиональные ЖК панели SAMSUNG SAMSUNG PM55H,"SAMSUNG PM55H Проф.панель, яркость 500 нит, контрастность: 4000:1,разрешение: 1920x 1080, режим работы: 24/7 , Входа:HDMI x 2,DVI x 1,Display Port x 2, RS-232C x 1,Выход:Display Port x 1, RS-232C x 1,VESA 400х400, Вес: 16,5",,?
2578454,256200.0,RUR,Профессиональные ЖК панели,SAMSUNG,Профессиональные ЖК панели SAMSUNG SAMSUNG QB65H,SAMSUNG QB65H Описание в разработке,,?
2578487,388008.0,RUR,Профессиональные ЖК панели,SAMSUNG,Профессиональные ЖК панели SAMSUNG SAMSUNG QB65H-TR,SAMSUNG QB65H-TR Описание в разработке,,?
2578455,433700.0,RUR,Профессиональные ЖК панели,SAMSUNG,Профессиональные ЖК панели SAMSUNG SAMSUNG QB75H,SAMSUNG QB75H Описание в разработке,,?
2578488,602772.0,RUR,Профессиональные ЖК панели,SAMSUNG,Профессиональные ЖК панели SAMSUNG SAMSUNG QB75H-TR,SAMSUNG QB75H-TR Описание в разработке,,?
2578453,311500.0,RUR,Профессиональные ЖК панели,SAMSUNG,Профессиональные ЖК панели SAMSUNG SAMSUNG QH55H,"SAMSUNG QH55H Проф.панель, яркость 600 (ландшафтная), 500 (портретная) , контрастность: 6000:1 Разрешение : Ultra HD (3840 x 2160) , режим работы: 16/7 , RGB: Display Port 1.2, Изображение: HDMI2.0 (2), HDCP2.2, USB 2.0 x2, RS-232C, RJ45 ,VESA 400х400",,?
2577527,208750.0,RUR,Профессиональные ЖК панели,SAMSUNG,Профессиональные ЖК панели SAMSUNG SAMSUNG QM49F,"SAMSUNG QM49F Проф. панель UHD, яркость 500 нит, PIP/PBP до 4 Full HD источников",,?
2578456,197900.0,RUR,Профессиональные ЖК панели,SAMSUNG,Профессиональные ЖК панели SAMSUNG SAMSUNG QM49H,SAMSUNG QM49H Описание в разработке,,?
2577530,310575.0,RUR,Профессиональные ЖК панели,SAMSUNG,Профессиональные ЖК панели SAMSUNG SAMSUNG QM55F,"SAMSUNG QM55F Проф. панель UHD, яркость 500 нит, PIP/PBP до 4 Full HD источников",,?
2578861,325000.0,RUR,Профессиональные ЖК панели,SAMSUNG,Профессиональные ЖК панели SAMSUNG SAMSUNG QM55H,SAMSUNG QM55H Описание в разработке,,?
2577533,471615.0,RUR,Профессиональные ЖК панели,SAMSUNG,Профессиональные ЖК панели SAMSUNG SAMSUNG QM65F,"SAMSUNG QM65F Проф. панель UHD, яркость 500 нит, PIP/PBP до 4 Full HD источников",,?
2578300,460000.0,RUR,Профессиональные ЖК панели,SAMSUNG,Профессиональные ЖК панели SAMSUNG SAMSUNG QM65H,"SAMSUNG QM65H Проф.панель, яркость 600 (ландшафтная), 500 (портретная) , контрастность: 6000:1 Разрешение : Ultra HD (3840 x 2160) , режим работы: 16/7 , RGB: Display Port 1.2, Изображение: HDMI2.0 (2), HDCP2.2, USB 2.0 x2, RS-232C, RJ45 ,VESA 400х400",,?
2577755,670450.0,RUR,Профессиональные ЖК панели,SAMSUNG,Профессиональные ЖК панели SAMSUNG SAMSUNG QM75F,"SAMSUNG QM75F Проф. панель UHD, яркость 500 нит, PIP/PBP до 4 Full HD источников",,?
2576012,1134350.0,RUR,Профессиональные ЖК панели,SAMSUNG,Профессиональные ЖК панели SAMSUNG SAMSUNG QM85D,"SAMSUNG QM85D Проф. панель UHD, яркость 500 нит, PIP/PBP до 4 Full HD источников",,?
2577470,1440950.0,RUR,Профессиональные ЖК панели,SAMSUNG,Профессиональные ЖК панели SAMSUNG SAMSUNG QM85D-BR,"SAMSUNG QM85D-BR Проф.панель UHD, яркость 430 нит, PIP/PBP до 4 Full HD источников, встроенный сенсорный экран",,?
2578625,1530000.0,RUR,Профессиональные ЖК панели,SAMSUNG,Профессиональные ЖК панели SAMSUNG SAMSUNG QM85F,SAMSUNG QM85F Описание в разработке,,?
2577757,3428437.0,RUR,Профессиональные ЖК панели,SAMSUNG,Профессиональные ЖК панели SAMSUNG SAMSUNG QM98F,"SAMSUNG QM98F Проф. панель UHD, яркость 500 нит, PIP/PBP до 4 Full HD источников",,?
2577804,79900.0,RUR,Профессиональные ЖК панели,SAMSUNG,Профессиональные ЖК панели SAMSUNG SAMSUNG RM48D,SAMSUNG RM48D Описание в разработке,,?
2576585,394250.0,RUR,Профессиональные ЖК панели,SAMSUNG,Профессиональные ЖК панели SAMSUNG SAMSUNG UD46D-P,"SAMSUNG UD46D-P LED-панель для видеостен (без тюнера),Ультратонкий стык 3.5 мм,  Яркость 700 нит,контрастность 3500:1 ,  Диагональ: 46"", Разрешение: 1920x1080, 200 Гц, мощность звука 20 Вт, HDMI x2, DVI, VGA, Ethernet ,Display Port ,Премиум-модель + SoC+24/7",,?
2577752,423919.0,RUR,Профессиональные ЖК панели,SAMSUNG,Профессиональные ЖК панели SAMSUNG SAMSUNG UD46E-A,"SAMSUNG UD46E-A Ультратонкий стык 3.5 мм, повышенная яркость 700 нит",,?
2576817,294550.0,RUR,Профессиональные ЖК панели,SAMSUNG,Профессиональные ЖК панели SAMSUNG SAMSUNG UD46E-B,"SAMSUNG UD46E-B Ультратонкий стык 3.5 мм, стандартная яркость 500 нит",,?
2576816,244255.0,RUR,Профессиональные ЖК панели,SAMSUNG,Профессиональные ЖК панели SAMSUNG SAMSUNG UD46E-C,"SAMSUNG UD46E-C Ультратонкий стык 5.5 мм, стандартная яркость 500 нит",,?
2577259,399900.0,RUR,Профессиональные ЖК панели,SAMSUNG,Профессиональные ЖК панели SAMSUNG SAMSUNG UD46E-P,"SAMSUNG UD46E-P Ультратонкий стык 3.5 мм, повышенная яркость 700 нит",,?
2577753,565006.0,RUR,Профессиональные ЖК панели,SAMSUNG,Профессиональные ЖК панели SAMSUNG SAMSUNG UD55E-A,"SAMSUNG UD55E-A Ультратонкий стык - 3.5 мм, 700 нит",,?
2576821,380500.0,RUR,Профессиональные ЖК панели,SAMSUNG,Профессиональные ЖК панели SAMSUNG SAMSUNG UD55E-B,"SAMSUNG UD55E-B Ультратонкий стык 3.5 мм, стандартная яркость 500 нит",,?
2577252,508150.0,RUR,Профессиональные ЖК панели,SAMSUNG,Профессиональные ЖК панели SAMSUNG SAMSUNG UD55E-P,"SAMSUNG UD55E-P Самый тонкий стык - 3.5 мм, 700 нит",,?
2577261,729000.0,RUR,Профессиональные ЖК панели,SAMSUNG,Профессиональные ЖК панели SAMSUNG SAMSUNG UD55E-S,"SAMSUNG UD55E-S Самый тонкий стык - 3.5 мм, 700 нит, модель для телестудий ( цветовая температура 2800-6500К)",,?
2576002,177655.0,RUR,Профессиональные ЖК панели,SAMSUNG,Профессиональные ЖК панели SAMSUNG SAMSUNG UE46D,"SAMSUNG UE46D LED-панель для видеостен (без тюнера),Рамка 5.2 мм,  Яркость 450 нит,контрастность 5000:1 ,  Диагональ: 46"", Разрешение: 1920x1080, 200 Гц, картинка в картинке, мощность звука 20 Вт, HDMI x2, DVI, VGA, Ethernet ,Display Port , SoC",,?
2576008,231900.0,RUR,Профессиональные ЖК панели,SAMSUNG,Профессиональные ЖК панели SAMSUNG SAMSUNG UE55D,"SAMSUNG UE55D LED-панель для видеостен (без тюнера),Рамка 5.2 мм,  Яркость 450 нит,контрастность 5000:1 ,  Диагональ: 55"", Разрешение: 1920x1080, 200 Гц, картинка в картинке, мощность звука 20 Вт, HDMI x2, DVI, VGA, Ethernet ,Display Port , SoC",,?
2577751,292560.0,RUR,Профессиональные ЖК панели,SAMSUNG,Профессиональные ЖК панели SAMSUNG SAMSUNG UH46F5,"SAMSUNG UH46F5 Ультратонкий стык 5.5 мм, повышенная яркость 700 нит, уменьшенная толщина корпуса (48 мм)",,?
2577531,842207.0,RUR,Профессиональные ЖК панели,SAMSUNG,Профессиональные ЖК панели SAMSUNG SAMSUNG UH55F-E,"SAMSUNG UH55F-E Самый тонкий стык - 1.7 мм, 700 нит,",,?
2578221,99000.0,RUR,Профессиональные ЖК панели (аксессуары),BENQ,Профессиональные ЖК панели (аксессуары) BENQ BENQ MT21 Slot in PC,"BENQ MT21 Slot in PC Процессор: Intel  I5  Оперативная память 4 GB , Внутренняя память память 128G GB , тип встроенной памяти  SSD . Совместим только с интерактивными панелями  RP750K/ RP860K /RP654K",,?
2577143,6600.0,RUR,Профессиональные ЖК панели (аксессуары),SAMSUNG,Профессиональные ЖК панели (аксессуары) SAMSUNG SAMSUNG CY-BD32WD (Рамка для панели),"SAMSUNG CY-BD32WD (Рамка для панели) Декоративная белая рамка для панелей SAMSUNG DH, DM, DB  серий , 32 дюйма",,?
2574464,14675.0,RUR,Профессиональные ЖК панели (аксессуары),SAMSUNG,Профессиональные ЖК панели (аксессуары) SAMSUNG SAMSUNG CY-PG32 (защитная насадка),SAMSUNG CY-PG32 (защитная насадка) Защитная насадка для ME32B,,?
2574465,16521.0,RUR,Профессиональные ЖК панели (аксессуары),SAMSUNG,Профессиональные ЖК панели (аксессуары) SAMSUNG SAMSUNG CY-PG40 (защитная насадка),SAMSUNG CY-PG40 (защитная насадка) Защитная насадка для ME40B,,?
2574466,18459.0,RUR,Профессиональные ЖК панели (аксессуары),SAMSUNG,Профессиональные ЖК панели (аксессуары) SAMSUNG SAMSUNG CY-PG46 (защитная насадка),SAMSUNG CY-PG46 (защитная насадка) Защитная насадка для ME46B,,?
2574467,20766.0,RUR,Профессиональные ЖК панели (аксессуары),SAMSUNG,Профессиональные ЖК панели (аксессуары) SAMSUNG SAMSUNG CY-PG55 (защитная насадка),SAMSUNG CY-PG55 (защитная насадка) Защитная насадка для ME55B,,?
2574468,27503.0,RUR,Профессиональные ЖК панели (аксессуары),SAMSUNG,Профессиональные ЖК панели (аксессуары) SAMSUNG SAMSUNG CY-PG65 (защитная насадка),SAMSUNG CY-PG65 (защитная насадка) Защитная насадка для ME65B,,?
2574459,49070.0,RUR,Профессиональные ЖК панели (аксессуары),SAMSUNG,Профессиональные ЖК панели (аксессуары) SAMSUNG SAMSUNG CY-TM32 (тач-насадка),SAMSUNG CY-TM32 (тач-насадка) Сенсорная насадка для ME32B,,?
2574460,53683.0,RUR,Профессиональные ЖК панели (аксессуары),SAMSUNG,Профессиональные ЖК панели (аксессуары) SAMSUNG SAMSUNG CY-TM40 (тач-насадка),SAMSUNG CY-TM40 (тач-насадка) Сенсорная насадка для ME40B,,?
2574461,57299.0,RUR,Профессиональные ЖК панели (аксессуары),SAMSUNG,Профессиональные ЖК панели (аксессуары) SAMSUNG SAMSUNG CY-TM46 (тач-насадка),SAMSUNG CY-TM46 (тач-насадка) Сенсорная насадка для ME46B,,?
2574462,64451.0,RUR,Профессиональные ЖК панели (аксессуары),SAMSUNG,Профессиональные ЖК панели (аксессуары) SAMSUNG SAMSUNG CY-TM55 (тач-насадка),SAMSUNG CY-TM55 (тач-насадка) Сенсорная насадка для ME55B,,?
2574463,87124.0,RUR,Профессиональные ЖК панели (аксессуары),SAMSUNG,Профессиональные ЖК панели (аксессуары) SAMSUNG SAMSUNG CY-TM65 (тач-насадка),SAMSUNG CY-TM65 (тач-насадка) Сенсорная насадка для ME65B,,?
2574959,142635.0,RUR,Профессиональные ЖК панели (аксессуары),SAMSUNG,Профессиональные ЖК панели (аксессуары) SAMSUNG SAMSUNG CY-TM75 (тач-насадка),SAMSUNG CY-TM75 (тач-насадка) Сенсорная насадка для ME75B,,?
2573765,27212.0,RUR,Профессиональные ЖК панели (аксессуары),SAMSUNG,Профессиональные ЖК панели (аксессуары) SAMSUNG SAMSUNG SBB-A (сетевой модуль),"SAMSUNG SBB-A (сетевой модуль) Встраиваемый ПК-модуль для ЖК-панелей серий ME, UE, DE, UD. Код модели - SBB-D32AX2/EN",,?
2577471,114425.0,RUR,Профессиональные ЖК панели (аксессуары),SAMSUNG,Профессиональные ЖК панели (аксессуары) SAMSUNG SAMSUNG SBB-DI (SBB-N64DV4/EN),"SAMSUNG SBB-DI (SBB-N64DV4/EN) SBB для LED-панелей (ME / UE / DE / UD / DB / DM), Quad Core, Intel Core i5",,?
2573867,27212.0,RUR,Профессиональные ЖК панели (аксессуары),SAMSUNG,Профессиональные ЖК панели (аксессуары) SAMSUNG SAMSUNG SBB-NT (сетевой модуль),"SAMSUNG SBB-NT (сетевой модуль) Встраиваемый ПК-модуль для ЖК-панелей 650MP-2, 650TS-2. Код модели - SBB-NTBSB/EN",,?
2575589,65703.0,RUR,Профессиональные ЖК панели (аксессуары),SAMSUNG,Профессиональные ЖК панели (аксессуары) SAMSUNG SAMSUNG SBB-PD32BV2/EN(сетевой модуль),SAMSUNG SBB-PD32BV2/EN(сетевой модуль) Описание в разработке,,?
2577472,24725.0,RUR,Профессиональные ЖК панели (аксессуары),SAMSUNG,Профессиональные ЖК панели (аксессуары) SAMSUNG SAMSUNG SBB-SSE (SBB-SS08EL1/CI),SAMSUNG SBB-SSE (SBB-SS08EL1/CI) Signage Player на базе SoC 3.0 для видеостен/ отдельных дисплеев,,?
2572981,26204.0,RUR,Профессиональные ЖК панели (аксессуары),SAMSUNG,Профессиональные ЖК панели (аксессуары) SAMSUNG SAMSUNG SIM-NT (сетевой модуль),"SAMSUNG SIM-NT (сетевой модуль) Встраиваемый ПК-модуль для ЖК-панелей 400MX-3, 400DX-3, 400TS-3, 460MX-3, 460DX-3, 460TS-3, 550DX. Код модели - SBB-SMDSAD/CI",,?
2574497,25819.0,RUR,Профессиональные ЖК панели (аксессуары),SAMSUNG,Профессиональные ЖК панели (аксессуары) SAMSUNG SAMSUNG STN-SF40 (подставка),SAMSUNG STN-SF40 (подставка) Подставка для панели Samsung SUR40 (интерактивный стол),,?
